[2026-08-08 17:41:31] production.ERROR: No application encryption key has been specified. {"exception":"[object] (Illuminate\\Encryption\\MissingAppKeyException(code: 0): No application encryption key has been specified. at C:/Users/Lenovo Loq/OneDrive/Desktop/xampp/htdocs/omma-health-center/vendor/laravel/framework/src/Illuminate/Encryption/EncryptionServiceProvider.php:83)
[stacktrace]
#0 C:/Users/Lenovo Loq/OneDrive/Desktop/xampp/htdocs/omma-health-center/vendor/laravel/framework/src/Illuminate/Support/helpers.php(393): Illuminate/Encryption/EncryptionServiceProvider->{closure:Illuminate/Encryption/EncryptionServiceProvider::key():81}(NULL)
#1 C:/Users/Lenovo Loq/OneDrive/Desktop/xampp/htdocs/omma-health-center/vendor/laravel/framework/src/Illuminate/Encryption/EncryptionServiceProvider.php(81): tap(NULL, Object(Closure))
#2 C:/Users/Lenovo Loq/OneDrive/Desktop/xampp/htdocs/omma-health-center/vendor/laravel/framework/src/Illuminate/Encryption/EncryptionServiceProvider.php(64): Illuminate/Encryption/EncryptionServiceProvider->key(Array)
#3 C:/Users/Lenovo Loq/OneDrive/Desktop/xampp/htdocs/omma-health-center/vendor/laravel/framework/src/Illuminate/Encryption/EncryptionServiceProvider.php(32): Illuminate/Encryption/EncryptionServiceProvider->parseKey(Array)
#4 C:/Users/Lenovo Loq/OneDrive/Desktop/xampp/htdocs/omma-health-center/vendor/laravel/framework/src/Illuminate/Container/Container.php(1138): Illuminate/Encryption/EncryptionServiceProvider->{closure:Illuminate/Encryption/EncryptionServiceProvider::registerEncrypter():29}(Object(Illuminate/Foundation/Application), Array)
#5 C:/Users/Lenovo Loq/OneDrive/Desktop/xampp/htdocs/omma-health-center/vendor/laravel/framework/src/Illuminate/Container/Container.php(937): Illuminate/Container/Container->build(Object(Closure))
#6 C:/Users/Lenovo Loq/OneDrive/Desktop/xampp/htdocs/omma-health-center/vendor/laravel/framework/src/Illuminate/Foundation/Application.php(1085): Illuminate/Container/Container->resolve('encrypter', Array, true)
#7 C:/Users/Lenovo Loq/OneDrive/Desktop/xampp/htdocs/omma-health-center/vendor/laravel/framework/src/Illuminate/Container/Container.php(865): Illuminate/Foundation/Application->resolve('encrypter', Array)
#8 C:/Users/Lenovo Loq/OneDrive/Desktop/xampp/htdocs/omma-health-center/vendor/laravel/framework/src/Illuminate/Foundation/Application.php(1065): Illuminate/Container/Container->make('encrypter', Array)
#9 C:/Users/Lenovo Loq/OneDrive/Desktop/xampp/htdocs/omma-health-center/vendor/laravel/framework/src/Illuminate/Container/Container.php(1359): Illuminate/Foundation/Application->make('encrypter')
#10 C:/Users/Lenovo Loq/OneDrive/Desktop/xampp/htdocs/omma-health-center/vendor/laravel/framework/src/Illuminate/Container/Container.php(1260): Illuminate/Container/Container->resolveClass(Object(ReflectionParameter), 'Illuminate//Cont...')
#11 C:/Users/Lenovo Loq/OneDrive/Desktop/xampp/htdocs/omma-health-center/vendor/laravel/framework/src/Illuminate/Container/Container.php(1185): Illuminate/Container/Container->resolveDependencies(Array)
#12 C:/Users/Lenovo Loq/OneDrive/Desktop/xampp/htdocs/omma-health-center/vendor/laravel/framework/src/Illuminate/Container/Container.php(937): Illuminate/Container/Container->build('Illuminate//Cook...')
#13 C:/Users/Lenovo Loq/OneDrive/Desktop/xampp/htdocs/omma-health-center/vendor/laravel/framework/src/Illuminate/Foundation/Application.php(1085): Illuminate/Container/Container->resolve('Illuminate//Cook...', Array, true)
#14 C:/Users/Lenovo Loq/OneDrive/Desktop/xampp/htdocs/omma-health-center/vendor/laravel/framework/src/Illuminate/Container/Container.php(865): Illuminate/Foundation/Application->resolve('Illuminate//Cook...', Array)
#15 C:/Users/Lenovo Loq/OneDrive/Desktop/xampp/htdocs/omma-health-center/vendor/laravel/framework/src/Illuminate/Foundation/Application.php(1065): Illuminate/Container/Container->make('Illuminate//Cook...', Array)
#16 C:/Users/Lenovo Loq/OneDrive/Desktop/xampp/htdocs/omma-health-center/vendor/laravel/framework/src/Illuminate/Pipeline/Pipeline.php(208): Illuminate/Foundation/Application->make('Illuminate//Cook...')
#17 C:/Users/Lenovo Loq/OneDrive/Desktop/xampp/htdocs/omma-health-center/vendor/laravel/framework/src/Illuminate/Pipeline/Pipeline.php(137): Illuminate/Pipeline/Pipeline->{closure:{closure:Illuminate/Pipeline/Pipeline::carry():194}:195}(Object(Illuminate/Http/Request))
#18 C:/Users/Lenovo Loq/OneDrive/Desktop/xampp/htdocs/omma-health-center/vendor/laravel/framework/src/Illuminate/Routing/Router.php(821): Illuminate/Pipeline/Pipeline->then(Object(Closure))
#19 C:/Users/Lenovo Loq/OneDrive/Desktop/xampp/htdocs/omma-health-center/vendor/laravel/framework/src/Illuminate/Routing/Router.php(800): Illuminate/Routing/Router->runRouteWithinStack(Object(Illuminate/Routing/Route), Object(Illuminate/Http/Request))
#20 C:/Users/Lenovo Loq/OneDrive/Desktop/xampp/htdocs/omma-health-center/vendor/laravel/framework/src/Illuminate/Routing/Router.php(764): Illuminate/Routing/Router->runRoute(Object(Illuminate/Http/Request), Object(Illuminate/Routing/Route))
#21 C:/Users/Lenovo Loq/OneDrive/Desktop/xampp/htdocs/omma-health-center/vendor/laravel/framework/src/Illuminate/Routing/Router.php(753): Illuminate/Routing/Router->dispatchToRoute(Object(Illuminate/Http/Request))
#22 C:/Users/Lenovo Loq/OneDrive/Desktop/xampp/htdocs/omma-health-center/vendor/laravel/framework/src/Illuminate/Foundation/Http/Kernel.php(200): Illuminate/Routing/Router->dispatch(Object(Illuminate/Http/Request))
#23 C:/Users/Lenovo Loq/OneDrive/Desktop/xampp/htdocs/omma-health-center/vendor/laravel/framework/src/Illuminate/Pipeline/Pipeline.php(180): Illuminate/Foundation/Http/Kernel->{closure:Illuminate/Foundation/Http/Kernel::dispatchToRouter():197}(Object(Illuminate/Http/Request))
#24 C:/Users/Lenovo Loq/OneDrive/Desktop/xampp/htdocs/omma-health-center/vendor/laravel/framework/src/Illuminate/Foundation/Http/Middleware/TransformsRequest.php(21): Illuminate/Pipeline/Pipeline->{closure:Illuminate/Pipeline/Pipeline::prepareDestination():178}(Object(Illuminate/Http/Request))
#25 C:/Users/Lenovo Loq/OneDrive/Desktop/xampp/htdocs/omma-health-center/vendor/laravel/framework/src/Illuminate/Foundation/Http/Middleware/ConvertEmptyStringsToNull.php(31): Illuminate/Foundation/Http/Middleware/TransformsRequest->handle(Object(Illuminate/Http/Request), Object(Closure))
#26 C:/Users/Lenovo Loq/OneDrive/Desktop/xampp/htdocs/omma-health-center/vendor/laravel/framework/src/Illuminate/Pipeline/Pipeline.php(219): Illuminate/Foundation/Http/Middleware/ConvertEmptyStringsToNull->handle(Object(Illuminate/Http/Request), Object(Closure))
#27 C:/Users/Lenovo Loq/OneDrive/Desktop/xampp/htdocs/omma-health-center/vendor/laravel/framework/src/Illuminate/Foundation/Http/Middleware/TransformsRequest.php(21): Illuminate/Pipeline/Pipeline->{closure:{closure:Illuminate/Pipeline/Pipeline::carry():194}:195}(Object(Illuminate/Http/Request))
#28 C:/Users/Lenovo Loq/OneDrive/Desktop/xampp/htdocs/omma-health-center/vendor/laravel/framework/src/Illuminate/Foundation/Http/Middleware/TrimStrings.php(51): Illuminate/Foundation/Http/Middleware/TransformsRequest->handle(Object(Illuminate/Http/Request), Object(Closure))
#29 C:/Users/Lenovo Loq/OneDrive/Desktop/xampp/htdocs/omma-health-center/vendor/laravel/framework/src/Illuminate/Pipeline/Pipeline.php(219): Illuminate/Foundation/Http/Middleware/TrimStrings->handle(Object(Illuminate/Http/Request), Object(Closure))
#30 C:/Users/Lenovo Loq/OneDrive/Desktop/xampp/htdocs/omma-health-center/vendor/laravel/framework/src/Illuminate/Http/Middleware/ValidatePostSize.php(27): Illuminate/Pipeline/Pipeline->{closure:{closure:Illuminate/Pipeline/Pipeline::carry():194}:195}(Object(Illuminate/Http/Request))
#31 C:/Users/Lenovo Loq/OneDrive/Desktop/xampp/htdocs/omma-health-center/vendor/laravel/framework/src/Illuminate/Pipeline/Pipeline.php(219): Illuminate/Http/Middleware/ValidatePostSize->handle(Object(Illuminate/Http/Request), Object(Closure))
#32 C:/Users/Lenovo Loq/OneDrive/Desktop/xampp/htdocs/omma-health-center/vendor/laravel/framework/src/Illuminate/Foundation/Http/Middleware/PreventRequestsDuringMaintenance.php(109): Illuminate/Pipeline/Pipeline->{closure:{closure:Illuminate/Pipeline/Pipeline::carry():194}:195}(Object(Illuminate/Http/Request))
#33 C:/Users/Lenovo Loq/OneDrive/Desktop/xampp/htdocs/omma-health-center/vendor/laravel/framework/src/Illuminate/Pipeline/Pipeline.php(219): Illuminate/Foundation/Http/Middleware/PreventRequestsDuringMaintenance->handle(Object(Illuminate/Http/Request), Object(Closure))
#34 C:/Users/Lenovo Loq/OneDrive/Desktop/xampp/htdocs/omma-health-center/vendor/laravel/framework/src/Illuminate/Http/Middleware/HandleCors.php(61): Illuminate/Pipeline/Pipeline->{closure:{closure:Illuminate/Pipeline/Pipeline::carry():194}:195}(Object(Illuminate/Http/Request))
#35 C:/Users/Lenovo Loq/OneDrive/Desktop/xampp/htdocs/omma-health-center/vendor/laravel/framework/src/Illuminate/Pipeline/Pipeline.php(219): Illuminate/Http/Middleware/HandleCors->handle(Object(Illuminate/Http/Request), Object(Closure))
#36 C:/Users/Lenovo Loq/OneDrive/Desktop/xampp/htdocs/omma-health-center/vendor/laravel/framework/src/Illuminate/Http/Middleware/TrustProxies.php(58): Illuminate/Pipeline/Pipeline->{closure:{closure:Illuminate/Pipeline/Pipeline::carry():194}:195}(Object(Illuminate/Http/Request))
#37 C:/Users/Lenovo Loq/OneDrive/Desktop/xampp/htdocs/omma-health-center/vendor/laravel/framework/src/Illuminate/Pipeline/Pipeline.php(219): Illuminate/Http/Middleware/TrustProxies->handle(Object(Illuminate/Http/Request), Object(Closure))
#38 C:/Users/Lenovo Loq/OneDrive/Desktop/xampp/htdocs/omma-health-center/vendor/laravel/framework/src/Illuminate/Foundation/Http/Middleware/InvokeDeferredCallbacks.php(22): Illuminate/Pipeline/Pipeline->{closure:{closure:Illuminate/Pipeline/Pipeline::carry():194}:195}(Object(Illuminate/Http/Request))
#39 C:/Users/Lenovo Loq/OneDrive/Desktop/xampp/htdocs/omma-health-center/vendor/laravel/framework/src/Illuminate/Pipeline/Pipeline.php(219): Illuminate/Foundation/Http/Middleware/InvokeDeferredCallbacks->handle(Object(Illuminate/Http/Request), Object(Closure))
#40 C:/Users/Lenovo Loq/OneDrive/Desktop/xampp/htdocs/omma-health-center/vendor/laravel/framework/src/Illuminate/Http/Middleware/ValidatePathEncoding.php(28): Illuminate/Pipeline/Pipeline->{closure:{closure:Illuminate/Pipeline/Pipeline::carry():194}:195}(Object(Illuminate/Http/Request))
#41 C:/Users/Lenovo Loq/OneDrive/Desktop/xampp/htdocs/omma-health-center/vendor/laravel/framework/src/Illuminate/Pipeline/Pipeline.php(219): Illuminate/Http/Middleware/ValidatePathEncoding->handle(Object(Illuminate/Http/Request), Object(Closure))
#42 C:/Users/Lenovo Loq/OneDrive/Desktop/xampp/htdocs/omma-health-center/vendor/laravel/framework/src/Illuminate/Pipeline/Pipeline.php(137): Illuminate/Pipeline/Pipeline->{closure:{closure:Illuminate/Pipeline/Pipeline::carry():194}:195}(Object(Illuminate/Http/Request))
#43 C:/Users/Lenovo Loq/OneDrive/Desktop/xampp/htdocs/omma-health-center/vendor/laravel/framework/src/Illuminate/Foundation/Http/Kernel.php(175): Illuminate/Pipeline/Pipeline->then(Object(Closure))
#44 C:/Users/Lenovo Loq/OneDrive/Desktop/xampp/htdocs/omma-health-center/vendor/laravel/framework/src/Illuminate/Foundation/Http/Kernel.php(144): Illuminate/Foundation/Http/Kernel->sendRequestThroughRouter(Object(Illuminate/Http/Request))
#45 C:/Users/Lenovo Loq/OneDrive/Desktop/xampp/htdocs/omma-health-center/vendor/laravel/framework/src/Illuminate/Foundation/Application.php(1227): Illuminate/Foundation/Http/Kernel->handle(Object(Illuminate/Http/Request))
#46 C:/Users/Lenovo Loq/OneDrive/Desktop/xampp/htdocs/omma-health-center/public/index.php(20): Illuminate/Foundation/Application->handleRequest(Object(Illuminate/Http/Request))
#47 C:/Users/Lenovo Loq/OneDrive/Desktop/xampp/htdocs/omma-health-center/vendor/laravel/framework/src/Illuminate/Foundation/resources/server.php(23): require_once('C://Users//Lenovo...')
#48 {main}
"} 
[2026-08-08 17:41:31] production.ERROR: No application encryption key has been specified. {"exception":"[object] (Illuminate\\Encryption\\MissingAppKeyException(code: 0): No application encryption key has been specified. at C:/Users/Lenovo Loq/OneDrive/Desktop/xampp/htdocs/omma-health-center/vendor/laravel/framework/src/Illuminate/Encryption/EncryptionServiceProvider.php:83)
[stacktrace]
#0 C:/Users/Lenovo Loq/OneDrive/Desktop/xampp/htdocs/omma-health-center/vendor/laravel/framework/src/Illuminate/Support/helpers.php(393): Illuminate/Encryption/EncryptionServiceProvider->{closure:Illuminate/Encryption/EncryptionServiceProvider::key():81}(NULL)
#1 C:/Users/Lenovo Loq/OneDrive/Desktop/xampp/htdocs/omma-health-center/vendor/laravel/framework/src/Illuminate/Encryption/EncryptionServiceProvider.php(81): tap(NULL, Object(Closure))
#2 C:/Users/Lenovo Loq/OneDrive/Desktop/xampp/htdocs/omma-health-center/vendor/laravel/framework/src/Illuminate/Encryption/EncryptionServiceProvider.php(64): Illuminate/Encryption/EncryptionServiceProvider->key(Array)
#3 C:/Users/Lenovo Loq/OneDrive/Desktop/xampp/htdocs/omma-health-center/vendor/laravel/framework/src/Illuminate/Encryption/EncryptionServiceProvider.php(32): Illuminate/Encryption/EncryptionServiceProvider->parseKey(Array)
#4 C:/Users/Lenovo Loq/OneDrive/Desktop/xampp/htdocs/omma-health-center/vendor/laravel/framework/src/Illuminate/Container/Container.php(1138): Illuminate/Encryption/EncryptionServiceProvider->{closure:Illuminate/Encryption/EncryptionServiceProvider::registerEncrypter():29}(Object(Illuminate/Foundation/Application), Array)
#5 C:/Users/Lenovo Loq/OneDrive/Desktop/xampp/htdocs/omma-health-center/vendor/laravel/framework/src/Illuminate/Container/Container.php(937): Illuminate/Container/Container->build(Object(Closure))
#6 C:/Users/Lenovo Loq/OneDrive/Desktop/xampp/htdocs/omma-health-center/vendor/laravel/framework/src/Illuminate/Foundation/Application.php(1085): Illuminate/Container/Container->resolve('encrypter', Array, true)
#7 C:/Users/Lenovo Loq/OneDrive/Desktop/xampp/htdocs/omma-health-center/vendor/laravel/framework/src/Illuminate/Container/Container.php(865): Illuminate/Foundation/Application->resolve('encrypter', Array)
#8 C:/Users/Lenovo Loq/OneDrive/Desktop/xampp/htdocs/omma-health-center/vendor/laravel/framework/src/Illuminate/Foundation/Application.php(1065): Illuminate/Container/Container->make('encrypter', Array)
#9 C:/Users/Lenovo Loq/OneDrive/Desktop/xampp/htdocs/omma-health-center/vendor/laravel/framework/src/Illuminate/Container/Container.php(1359): Illuminate/Foundation/Application->make('encrypter')
#10 C:/Users/Lenovo Loq/OneDrive/Desktop/xampp/htdocs/omma-health-center/vendor/laravel/framework/src/Illuminate/Container/Container.php(1260): Illuminate/Container/Container->resolveClass(Object(ReflectionParameter), 'Illuminate//Cont...')
#11 C:/Users/Lenovo Loq/OneDrive/Desktop/xampp/htdocs/omma-health-center/vendor/laravel/framework/src/Illuminate/Container/Container.php(1185): Illuminate/Container/Container->resolveDependencies(Array)
#12 C:/Users/Lenovo Loq/OneDrive/Desktop/xampp/htdocs/omma-health-center/vendor/laravel/framework/src/Illuminate/Container/Container.php(937): Illuminate/Container/Container->build('Illuminate//Cook...')
#13 C:/Users/Lenovo Loq/OneDrive/Desktop/xampp/htdocs/omma-health-center/vendor/laravel/framework/src/Illuminate/Foundation/Application.php(1085): Illuminate/Container/Container->resolve('Illuminate//Cook...', Array, true)
#14 C:/Users/Lenovo Loq/OneDrive/Desktop/xampp/htdocs/omma-health-center/vendor/laravel/framework/src/Illuminate/Container/Container.php(865): Illuminate/Foundation/Application->resolve('Illuminate//Cook...', Array)
#15 C:/Users/Lenovo Loq/OneDrive/Desktop/xampp/htdocs/omma-health-center/vendor/laravel/framework/src/Illuminate/Foundation/Application.php(1065): Illuminate/Container/Container->make('Illuminate//Cook...', Array)
#16 C:/Users/Lenovo Loq/OneDrive/Desktop/xampp/htdocs/omma-health-center/vendor/laravel/framework/src/Illuminate/Foundation/Http/Kernel.php(257): Illuminate/Foundation/Application->make('Illuminate//Cook...')
#17 C:/Users/Lenovo Loq/OneDrive/Desktop/xampp/htdocs/omma-health-center/vendor/laravel/framework/src/Illuminate/Foundation/Http/Kernel.php(215): Illuminate/Foundation/Http/Kernel->terminateMiddleware(Object(Illuminate/Http/Request), Object(Illuminate/Http/Response))
#18 C:/Users/Lenovo Loq/OneDrive/Desktop/xampp/htdocs/omma-health-center/vendor/laravel/framework/src/Illuminate/Foundation/Application.php(1229): Illuminate/Foundation/Http/Kernel->terminate(Object(Illuminate/Http/Request), Object(Illuminate/Http/Response))
#19 C:/Users/Lenovo Loq/OneDrive/Desktop/xampp/htdocs/omma-health-center/public/index.php(20): Illuminate/Foundation/Application->handleRequest(Object(Illuminate/Http/Request))
#20 C:/Users/Lenovo Loq/OneDrive/Desktop/xampp/htdocs/omma-health-center/vendor/laravel/framework/src/Illuminate/Foundation/resources/server.php(23): require_once('C://Users//Lenovo...')
#21 {main}
"} 
[2026-08-08 17:41:31] production.ERROR: Uncaught ErrorException: Cannot modify header information - headers already sent by (output started at C:\Users\Lenovo Loq\OneDrive\Desktop\xampp\htdocs\omma-health-center\vendor\symfony\http-foundation\Response.php:393) in C:\Users\Lenovo Loq\OneDrive\Desktop\xampp\htdocs\omma-health-center\vendor\symfony\http-foundation\Response.php:328
Stack trace:
#0 C:\Users\Lenovo Loq\OneDrive\Desktop\xampp\htdocs\omma-health-center\vendor\laravel\framework\src\Illuminate\Foundation\Bootstrap\HandleExceptions.php(263): Illuminate\Foundation\Bootstrap\HandleExceptions->handleError(2, 'Cannot modify h...', 'C:\\Users\\Lenovo...', 328)
#1 [internal function]: Illuminate\Foundation\Bootstrap\HandleExceptions->{closure:Illuminate\Foundation\Bootstrap\HandleExceptions::forwardsTo():262}(2, 'Cannot modify h...', 'C:\\Users\\Lenovo...', 328)
#2 C:\Users\Lenovo Loq\OneDrive\Desktop\xampp\htdocs\omma-health-center\vendor\symfony\http-foundation\Response.php(328): header('HTTP/1.1 500 In...', true, 500)
#3 C:\Users\Lenovo Loq\OneDrive\Desktop\xampp\htdocs\omma-health-center\vendor\symfony\http-foundation\Response.php(407): Symfony\Component\HttpFoundation\Response->sendHeaders()
#4 C:\Users\Lenovo Loq\OneDrive\Desktop\xampp\htdocs\omma-health-center\vendor\laravel\framework\src\Illuminate\Foundation\Bootstrap\HandleExceptions.php(226): Symfony\Component\HttpFoundation\Response->send()
#5 C:\Users\Lenovo Loq\OneDrive\Desktop\xampp\htdocs\omma-health-center\vendor\laravel\framework\src\Illuminate\Foundation\Bootstrap\HandleExceptions.php(203): Illuminate\Foundation\Bootstrap\HandleExceptions->renderHttpResponse(Object(Illuminate\Encryption\MissingAppKeyException))
#6 C:\Users\Lenovo Loq\OneDrive\Desktop\xampp\htdocs\omma-health-center\vendor\laravel\framework\src\Illuminate\Foundation\Bootstrap\HandleExceptions.php(263): Illuminate\Foundation\Bootstrap\HandleExceptions->handleException(Object(Illuminate\Encryption\MissingAppKeyException))
#7 [internal function]: Illuminate\Foundation\Bootstrap\HandleExceptions->{closure:Illuminate\Foundation\Bootstrap\HandleExceptions::forwardsTo():262}(Object(Illuminate\Encryption\MissingAppKeyException))
#8 {main}
  thrown {"exception":"[object] (Symfony\\Component\\ErrorHandler\\Error\\FatalError(code: 0): Uncaught ErrorException: Cannot modify header information - headers already sent by (output started at C:\\Users\\Lenovo Loq\\OneDrive\\Desktop\\xampp\\htdocs\\omma-health-center\\vendor\\symfony\\http-foundation\\Response.php:393) in C:\\Users\\Lenovo Loq\\OneDrive\\Desktop\\xampp\\htdocs\\omma-health-center\\vendor\\symfony\\http-foundation\\Response.php:328
Stack trace:
#0 C:\\Users\\Lenovo Loq\\OneDrive\\Desktop\\xampp\\htdocs\\omma-health-center\\vendor\\laravel\\framework\\src\\Illuminate\\Foundation\\Bootstrap\\HandleExceptions.php(263): Illuminate\\Foundation\\Bootstrap\\HandleExceptions->handleError(2, 'Cannot modify h...', 'C:\\\\Users\\\\Lenovo...', 328)
#1 [internal function]: Illuminate\\Foundation\\Bootstrap\\HandleExceptions->{closure:Illuminate\\Foundation\\Bootstrap\\HandleExceptions::forwardsTo():262}(2, 'Cannot modify h...', 'C:\\\\Users\\\\Lenovo...', 328)
#2 C:\\Users\\Lenovo Loq\\OneDrive\\Desktop\\xampp\\htdocs\\omma-health-center\\vendor\\symfony\\http-foundation\\Response.php(328): header('HTTP/1.1 500 In...', true, 500)
#3 C:\\Users\\Lenovo Loq\\OneDrive\\Desktop\\xampp\\htdocs\\omma-health-center\\vendor\\symfony\\http-foundation\\Response.php(407): Symfony\\Component\\HttpFoundation\\Response->sendHeaders()
#4 C:\\Users\\Lenovo Loq\\OneDrive\\Desktop\\xampp\\htdocs\\omma-health-center\\vendor\\laravel\\framework\\src\\Illuminate\\Foundation\\Bootstrap\\HandleExceptions.php(226): Symfony\\Component\\HttpFoundation\\Response->send()
#5 C:\\Users\\Lenovo Loq\\OneDrive\\Desktop\\xampp\\htdocs\\omma-health-center\\vendor\\laravel\\framework\\src\\Illuminate\\Foundation\\Bootstrap\\HandleExceptions.php(203): Illuminate\\Foundation\\Bootstrap\\HandleExceptions->renderHttpResponse(Object(Illuminate\\Encryption\\MissingAppKeyException))
#6 C:\\Users\\Lenovo Loq\\OneDrive\\Desktop\\xampp\\htdocs\\omma-health-center\\vendor\\laravel\\framework\\src\\Illuminate\\Foundation\\Bootstrap\\HandleExceptions.php(263): Illuminate\\Foundation\\Bootstrap\\HandleExceptions->handleException(Object(Illuminate\\Encryption\\MissingAppKeyException))
#7 [internal function]: Illuminate\\Foundation\\Bootstrap\\HandleExceptions->{closure:Illuminate\\Foundation\\Bootstrap\\HandleExceptions::forwardsTo():262}(Object(Illuminate\\Encryption\\MissingAppKeyException))
#8 {main}
  thrown at C:/Users/Lenovo Loq/OneDrive/Desktop/xampp/htdocs/omma-health-center/vendor/symfony/http-foundation/Response.php:328)
[stacktrace]
#0 {main}
"} 
[2026-08-08 17:41:38] production.ERROR: No application encryption key has been specified. {"exception":"[object] (Illuminate\\Encryption\\MissingAppKeyException(code: 0): No application encryption key has been specified. at C:/Users/Lenovo Loq/OneDrive/Desktop/xampp/htdocs/omma-health-center/vendor/laravel/framework/src/Illuminate/Encryption/EncryptionServiceProvider.php:83)
[stacktrace]
#0 C:/Users/Lenovo Loq/OneDrive/Desktop/xampp/htdocs/omma-health-center/vendor/laravel/framework/src/Illuminate/Support/helpers.php(393): Illuminate/Encryption/EncryptionServiceProvider->{closure:Illuminate/Encryption/EncryptionServiceProvider::key():81}(NULL)
#1 C:/Users/Lenovo Loq/OneDrive/Desktop/xampp/htdocs/omma-health-center/vendor/laravel/framework/src/Illuminate/Encryption/EncryptionServiceProvider.php(81): tap(NULL, Object(Closure))
#2 C:/Users/Lenovo Loq/OneDrive/Desktop/xampp/htdocs/omma-health-center/vendor/laravel/framework/src/Illuminate/Encryption/EncryptionServiceProvider.php(64): Illuminate/Encryption/EncryptionServiceProvider->key(Array)
#3 C:/Users/Lenovo Loq/OneDrive/Desktop/xampp/htdocs/omma-health-center/vendor/laravel/framework/src/Illuminate/Encryption/EncryptionServiceProvider.php(32): Illuminate/Encryption/EncryptionServiceProvider->parseKey(Array)
#4 C:/Users/Lenovo Loq/OneDrive/Desktop/xampp/htdocs/omma-health-center/vendor/laravel/framework/src/Illuminate/Container/Container.php(1138): Illuminate/Encryption/EncryptionServiceProvider->{closure:Illuminate/Encryption/EncryptionServiceProvider::registerEncrypter():29}(Object(Illuminate/Foundation/Application), Array)
#5 C:/Users/Lenovo Loq/OneDrive/Desktop/xampp/htdocs/omma-health-center/vendor/laravel/framework/src/Illuminate/Container/Container.php(937): Illuminate/Container/Container->build(Object(Closure))
#6 C:/Users/Lenovo Loq/OneDrive/Desktop/xampp/htdocs/omma-health-center/vendor/laravel/framework/src/Illuminate/Foundation/Application.php(1085): Illuminate/Container/Container->resolve('encrypter', Array, true)
#7 C:/Users/Lenovo Loq/OneDrive/Desktop/xampp/htdocs/omma-health-center/vendor/laravel/framework/src/Illuminate/Container/Container.php(865): Illuminate/Foundation/Application->resolve('encrypter', Array)
#8 C:/Users/Lenovo Loq/OneDrive/Desktop/xampp/htdocs/omma-health-center/vendor/laravel/framework/src/Illuminate/Foundation/Application.php(1065): Illuminate/Container/Container->make('encrypter', Array)
#9 C:/Users/Lenovo Loq/OneDrive/Desktop/xampp/htdocs/omma-health-center/vendor/laravel/framework/src/Illuminate/Container/Container.php(1359): Illuminate/Foundation/Application->make('encrypter')
#10 C:/Users/Lenovo Loq/OneDrive/Desktop/xampp/htdocs/omma-health-center/vendor/laravel/framework/src/Illuminate/Container/Container.php(1260): Illuminate/Container/Container->resolveClass(Object(ReflectionParameter), 'Illuminate//Cont...')
#11 C:/Users/Lenovo Loq/OneDrive/Desktop/xampp/htdocs/omma-health-center/vendor/laravel/framework/src/Illuminate/Container/Container.php(1185): Illuminate/Container/Container->resolveDependencies(Array)
#12 C:/Users/Lenovo Loq/OneDrive/Desktop/xampp/htdocs/omma-health-center/vendor/laravel/framework/src/Illuminate/Container/Container.php(937): Illuminate/Container/Container->build('Illuminate//Cook...')
#13 C:/Users/Lenovo Loq/OneDrive/Desktop/xampp/htdocs/omma-health-center/vendor/laravel/framework/src/Illuminate/Foundation/Application.php(1085): Illuminate/Container/Container->resolve('Illuminate//Cook...', Array, true)
#14 C:/Users/Lenovo Loq/OneDrive/Desktop/xampp/htdocs/omma-health-center/vendor/laravel/framework/src/Illuminate/Container/Container.php(865): Illuminate/Foundation/Application->resolve('Illuminate//Cook...', Array)
#15 C:/Users/Lenovo Loq/OneDrive/Desktop/xampp/htdocs/omma-health-center/vendor/laravel/framework/src/Illuminate/Foundation/Application.php(1065): Illuminate/Container/Container->make('Illuminate//Cook...', Array)
#16 C:/Users/Lenovo Loq/OneDrive/Desktop/xampp/htdocs/omma-health-center/vendor/laravel/framework/src/Illuminate/Pipeline/Pipeline.php(208): Illuminate/Foundation/Application->make('Illuminate//Cook...')
#17 C:/Users/Lenovo Loq/OneDrive/Desktop/xampp/htdocs/omma-health-center/vendor/laravel/framework/src/Illuminate/Pipeline/Pipeline.php(137): Illuminate/Pipeline/Pipeline->{closure:{closure:Illuminate/Pipeline/Pipeline::carry():194}:195}(Object(Illuminate/Http/Request))
#18 C:/Users/Lenovo Loq/OneDrive/Desktop/xampp/htdocs/omma-health-center/vendor/laravel/framework/src/Illuminate/Routing/Router.php(821): Illuminate/Pipeline/Pipeline->then(Object(Closure))
#19 C:/Users/Lenovo Loq/OneDrive/Desktop/xampp/htdocs/omma-health-center/vendor/laravel/framework/src/Illuminate/Routing/Router.php(800): Illuminate/Routing/Router->runRouteWithinStack(Object(Illuminate/Routing/Route), Object(Illuminate/Http/Request))
#20 C:/Users/Lenovo Loq/OneDrive/Desktop/xampp/htdocs/omma-health-center/vendor/laravel/framework/src/Illuminate/Routing/Router.php(764): Illuminate/Routing/Router->runRoute(Object(Illuminate/Http/Request), Object(Illuminate/Routing/Route))
#21 C:/Users/Lenovo Loq/OneDrive/Desktop/xampp/htdocs/omma-health-center/vendor/laravel/framework/src/Illuminate/Routing/Router.php(753): Illuminate/Routing/Router->dispatchToRoute(Object(Illuminate/Http/Request))
#22 C:/Users/Lenovo Loq/OneDrive/Desktop/xampp/htdocs/omma-health-center/vendor/laravel/framework/src/Illuminate/Foundation/Http/Kernel.php(200): Illuminate/Routing/Router->dispatch(Object(Illuminate/Http/Request))
#23 C:/Users/Lenovo Loq/OneDrive/Desktop/xampp/htdocs/omma-health-center/vendor/laravel/framework/src/Illuminate/Pipeline/Pipeline.php(180): Illuminate/Foundation/Http/Kernel->{closure:Illuminate/Foundation/Http/Kernel::dispatchToRouter():197}(Object(Illuminate/Http/Request))
#24 C:/Users/Lenovo Loq/OneDrive/Desktop/xampp/htdocs/omma-health-center/vendor/laravel/framework/src/Illuminate/Foundation/Http/Middleware/TransformsRequest.php(21): Illuminate/Pipeline/Pipeline->{closure:Illuminate/Pipeline/Pipeline::prepareDestination():178}(Object(Illuminate/Http/Request))
#25 C:/Users/Lenovo Loq/OneDrive/Desktop/xampp/htdocs/omma-health-center/vendor/laravel/framework/src/Illuminate/Foundation/Http/Middleware/ConvertEmptyStringsToNull.php(31): Illuminate/Foundation/Http/Middleware/TransformsRequest->handle(Object(Illuminate/Http/Request), Object(Closure))
#26 C:/Users/Lenovo Loq/OneDrive/Desktop/xampp/htdocs/omma-health-center/vendor/laravel/framework/src/Illuminate/Pipeline/Pipeline.php(219): Illuminate/Foundation/Http/Middleware/ConvertEmptyStringsToNull->handle(Object(Illuminate/Http/Request), Object(Closure))
#27 C:/Users/Lenovo Loq/OneDrive/Desktop/xampp/htdocs/omma-health-center/vendor/laravel/framework/src/Illuminate/Foundation/Http/Middleware/TransformsRequest.php(21): Illuminate/Pipeline/Pipeline->{closure:{closure:Illuminate/Pipeline/Pipeline::carry():194}:195}(Object(Illuminate/Http/Request))
#28 C:/Users/Lenovo Loq/OneDrive/Desktop/xampp/htdocs/omma-health-center/vendor/laravel/framework/src/Illuminate/Foundation/Http/Middleware/TrimStrings.php(51): Illuminate/Foundation/Http/Middleware/TransformsRequest->handle(Object(Illuminate/Http/Request), Object(Closure))
#29 C:/Users/Lenovo Loq/OneDrive/Desktop/xampp/htdocs/omma-health-center/vendor/laravel/framework/src/Illuminate/Pipeline/Pipeline.php(219): Illuminate/Foundation/Http/Middleware/TrimStrings->handle(Object(Illuminate/Http/Request), Object(Closure))
#30 C:/Users/Lenovo Loq/OneDrive/Desktop/xampp/htdocs/omma-health-center/vendor/laravel/framework/src/Illuminate/Http/Middleware/ValidatePostSize.php(27): Illuminate/Pipeline/Pipeline->{closure:{closure:Illuminate/Pipeline/Pipeline::carry():194}:195}(Object(Illuminate/Http/Request))
#31 C:/Users/Lenovo Loq/OneDrive/Desktop/xampp/htdocs/omma-health-center/vendor/laravel/framework/src/Illuminate/Pipeline/Pipeline.php(219): Illuminate/Http/Middleware/ValidatePostSize->handle(Object(Illuminate/Http/Request), Object(Closure))
#32 C:/Users/Lenovo Loq/OneDrive/Desktop/xampp/htdocs/omma-health-center/vendor/laravel/framework/src/Illuminate/Foundation/Http/Middleware/PreventRequestsDuringMaintenance.php(109): Illuminate/Pipeline/Pipeline->{closure:{closure:Illuminate/Pipeline/Pipeline::carry():194}:195}(Object(Illuminate/Http/Request))
#33 C:/Users/Lenovo Loq/OneDrive/Desktop/xampp/htdocs/omma-health-center/vendor/laravel/framework/src/Illuminate/Pipeline/Pipeline.php(219): Illuminate/Foundation/Http/Middleware/PreventRequestsDuringMaintenance->handle(Object(Illuminate/Http/Request), Object(Closure))
#34 C:/Users/Lenovo Loq/OneDrive/Desktop/xampp/htdocs/omma-health-center/vendor/laravel/framework/src/Illuminate/Http/Middleware/HandleCors.php(61): Illuminate/Pipeline/Pipeline->{closure:{closure:Illuminate/Pipeline/Pipeline::carry():194}:195}(Object(Illuminate/Http/Request))
#35 C:/Users/Lenovo Loq/OneDrive/Desktop/xampp/htdocs/omma-health-center/vendor/laravel/framework/src/Illuminate/Pipeline/Pipeline.php(219): Illuminate/Http/Middleware/HandleCors->handle(Object(Illuminate/Http/Request), Object(Closure))
#36 C:/Users/Lenovo Loq/OneDrive/Desktop/xampp/htdocs/omma-health-center/vendor/laravel/framework/src/Illuminate/Http/Middleware/TrustProxies.php(58): Illuminate/Pipeline/Pipeline->{closure:{closure:Illuminate/Pipeline/Pipeline::carry():194}:195}(Object(Illuminate/Http/Request))
#37 C:/Users/Lenovo Loq/OneDrive/Desktop/xampp/htdocs/omma-health-center/vendor/laravel/framework/src/Illuminate/Pipeline/Pipeline.php(219): Illuminate/Http/Middleware/TrustProxies->handle(Object(Illuminate/Http/Request), Object(Closure))
#38 C:/Users/Lenovo Loq/OneDrive/Desktop/xampp/htdocs/omma-health-center/vendor/laravel/framework/src/Illuminate/Foundation/Http/Middleware/InvokeDeferredCallbacks.php(22): Illuminate/Pipeline/Pipeline->{closure:{closure:Illuminate/Pipeline/Pipeline::carry():194}:195}(Object(Illuminate/Http/Request))
#39 C:/Users/Lenovo Loq/OneDrive/Desktop/xampp/htdocs/omma-health-center/vendor/laravel/framework/src/Illuminate/Pipeline/Pipeline.php(219): Illuminate/Foundation/Http/Middleware/InvokeDeferredCallbacks->handle(Object(Illuminate/Http/Request), Object(Closure))
#40 C:/Users/Lenovo Loq/OneDrive/Desktop/xampp/htdocs/omma-health-center/vendor/laravel/framework/src/Illuminate/Http/Middleware/ValidatePathEncoding.php(28): Illuminate/Pipeline/Pipeline->{closure:{closure:Illuminate/Pipeline/Pipeline::carry():194}:195}(Object(Illuminate/Http/Request))
#41 C:/Users/Lenovo Loq/OneDrive/Desktop/xampp/htdocs/omma-health-center/vendor/laravel/framework/src/Illuminate/Pipeline/Pipeline.php(219): Illuminate/Http/Middleware/ValidatePathEncoding->handle(Object(Illuminate/Http/Request), Object(Closure))
#42 C:/Users/Lenovo Loq/OneDrive/Desktop/xampp/htdocs/omma-health-center/vendor/laravel/framework/src/Illuminate/Pipeline/Pipeline.php(137): Illuminate/Pipeline/Pipeline->{closure:{closure:Illuminate/Pipeline/Pipeline::carry():194}:195}(Object(Illuminate/Http/Request))
#43 C:/Users/Lenovo Loq/OneDrive/Desktop/xampp/htdocs/omma-health-center/vendor/laravel/framework/src/Illuminate/Foundation/Http/Kernel.php(175): Illuminate/Pipeline/Pipeline->then(Object(Closure))
#44 C:/Users/Lenovo Loq/OneDrive/Desktop/xampp/htdocs/omma-health-center/vendor/laravel/framework/src/Illuminate/Foundation/Http/Kernel.php(144): Illuminate/Foundation/Http/Kernel->sendRequestThroughRouter(Object(Illuminate/Http/Request))
#45 C:/Users/Lenovo Loq/OneDrive/Desktop/xampp/htdocs/omma-health-center/vendor/laravel/framework/src/Illuminate/Foundation/Application.php(1227): Illuminate/Foundation/Http/Kernel->handle(Object(Illuminate/Http/Request))
#46 C:/Users/Lenovo Loq/OneDrive/Desktop/xampp/htdocs/omma-health-center/public/index.php(20): Illuminate/Foundation/Application->handleRequest(Object(Illuminate/Http/Request))
#47 C:/Users/Lenovo Loq/OneDrive/Desktop/xampp/htdocs/omma-health-center/vendor/laravel/framework/src/Illuminate/Foundation/resources/server.php(23): require_once('C://Users//Lenovo...')
#48 {main}
"} 
[2026-08-08 17:41:38] production.ERROR: No application encryption key has been specified. {"exception":"[object] (Illuminate\\Encryption\\MissingAppKeyException(code: 0): No application encryption key has been specified. at C:/Users/Lenovo Loq/OneDrive/Desktop/xampp/htdocs/omma-health-center/vendor/laravel/framework/src/Illuminate/Encryption/EncryptionServiceProvider.php:83)
[stacktrace]
#0 C:/Users/Lenovo Loq/OneDrive/Desktop/xampp/htdocs/omma-health-center/vendor/laravel/framework/src/Illuminate/Support/helpers.php(393): Illuminate/Encryption/EncryptionServiceProvider->{closure:Illuminate/Encryption/EncryptionServiceProvider::key():81}(NULL)
#1 C:/Users/Lenovo Loq/OneDrive/Desktop/xampp/htdocs/omma-health-center/vendor/laravel/framework/src/Illuminate/Encryption/EncryptionServiceProvider.php(81): tap(NULL, Object(Closure))
#2 C:/Users/Lenovo Loq/OneDrive/Desktop/xampp/htdocs/omma-health-center/vendor/laravel/framework/src/Illuminate/Encryption/EncryptionServiceProvider.php(64): Illuminate/Encryption/EncryptionServiceProvider->key(Array)
#3 C:/Users/Lenovo Loq/OneDrive/Desktop/xampp/htdocs/omma-health-center/vendor/laravel/framework/src/Illuminate/Encryption/EncryptionServiceProvider.php(32): Illuminate/Encryption/EncryptionServiceProvider->parseKey(Array)
#4 C:/Users/Lenovo Loq/OneDrive/Desktop/xampp/htdocs/omma-health-center/vendor/laravel/framework/src/Illuminate/Container/Container.php(1138): Illuminate/Encryption/EncryptionServiceProvider->{closure:Illuminate/Encryption/EncryptionServiceProvider::registerEncrypter():29}(Object(Illuminate/Foundation/Application), Array)
#5 C:/Users/Lenovo Loq/OneDrive/Desktop/xampp/htdocs/omma-health-center/vendor/laravel/framework/src/Illuminate/Container/Container.php(937): Illuminate/Container/Container->build(Object(Closure))
#6 C:/Users/Lenovo Loq/OneDrive/Desktop/xampp/htdocs/omma-health-center/vendor/laravel/framework/src/Illuminate/Foundation/Application.php(1085): Illuminate/Container/Container->resolve('encrypter', Array, true)
#7 C:/Users/Lenovo Loq/OneDrive/Desktop/xampp/htdocs/omma-health-center/vendor/laravel/framework/src/Illuminate/Container/Container.php(865): Illuminate/Foundation/Application->resolve('encrypter', Array)
#8 C:/Users/Lenovo Loq/OneDrive/Desktop/xampp/htdocs/omma-health-center/vendor/laravel/framework/src/Illuminate/Foundation/Application.php(1065): Illuminate/Container/Container->make('encrypter', Array)
#9 C:/Users/Lenovo Loq/OneDrive/Desktop/xampp/htdocs/omma-health-center/vendor/laravel/framework/src/Illuminate/Container/Container.php(1359): Illuminate/Foundation/Application->make('encrypter')
#10 C:/Users/Lenovo Loq/OneDrive/Desktop/xampp/htdocs/omma-health-center/vendor/laravel/framework/src/Illuminate/Container/Container.php(1260): Illuminate/Container/Container->resolveClass(Object(ReflectionParameter), 'Illuminate//Cont...')
#11 C:/Users/Lenovo Loq/OneDrive/Desktop/xampp/htdocs/omma-health-center/vendor/laravel/framework/src/Illuminate/Container/Container.php(1185): Illuminate/Container/Container->resolveDependencies(Array)
#12 C:/Users/Lenovo Loq/OneDrive/Desktop/xampp/htdocs/omma-health-center/vendor/laravel/framework/src/Illuminate/Container/Container.php(937): Illuminate/Container/Container->build('Illuminate//Cook...')
#13 C:/Users/Lenovo Loq/OneDrive/Desktop/xampp/htdocs/omma-health-center/vendor/laravel/framework/src/Illuminate/Foundation/Application.php(1085): Illuminate/Container/Container->resolve('Illuminate//Cook...', Array, true)
#14 C:/Users/Lenovo Loq/OneDrive/Desktop/xampp/htdocs/omma-health-center/vendor/laravel/framework/src/Illuminate/Container/Container.php(865): Illuminate/Foundation/Application->resolve('Illuminate//Cook...', Array)
#15 C:/Users/Lenovo Loq/OneDrive/Desktop/xampp/htdocs/omma-health-center/vendor/laravel/framework/src/Illuminate/Foundation/Application.php(1065): Illuminate/Container/Container->make('Illuminate//Cook...', Array)
#16 C:/Users/Lenovo Loq/OneDrive/Desktop/xampp/htdocs/omma-health-center/vendor/laravel/framework/src/Illuminate/Foundation/Http/Kernel.php(257): Illuminate/Foundation/Application->make('Illuminate//Cook...')
#17 C:/Users/Lenovo Loq/OneDrive/Desktop/xampp/htdocs/omma-health-center/vendor/laravel/framework/src/Illuminate/Foundation/Http/Kernel.php(215): Illuminate/Foundation/Http/Kernel->terminateMiddleware(Object(Illuminate/Http/Request), Object(Illuminate/Http/Response))
#18 C:/Users/Lenovo Loq/OneDrive/Desktop/xampp/htdocs/omma-health-center/vendor/laravel/framework/src/Illuminate/Foundation/Application.php(1229): Illuminate/Foundation/Http/Kernel->terminate(Object(Illuminate/Http/Request), Object(Illuminate/Http/Response))
#19 C:/Users/Lenovo Loq/OneDrive/Desktop/xampp/htdocs/omma-health-center/public/index.php(20): Illuminate/Foundation/Application->handleRequest(Object(Illuminate/Http/Request))
#20 C:/Users/Lenovo Loq/OneDrive/Desktop/xampp/htdocs/omma-health-center/vendor/laravel/framework/src/Illuminate/Foundation/resources/server.php(23): require_once('C://Users//Lenovo...')
#21 {main}
"} 
[2026-08-08 17:41:38] production.ERROR: Uncaught ErrorException: Cannot modify header information - headers already sent by (output started at C:\Users\Lenovo Loq\OneDrive\Desktop\xampp\htdocs\omma-health-center\vendor\symfony\http-foundation\Response.php:393) in C:\Users\Lenovo Loq\OneDrive\Desktop\xampp\htdocs\omma-health-center\vendor\symfony\http-foundation\Response.php:328
Stack trace:
#0 C:\Users\Lenovo Loq\OneDrive\Desktop\xampp\htdocs\omma-health-center\vendor\laravel\framework\src\Illuminate\Foundation\Bootstrap\HandleExceptions.php(263): Illuminate\Foundation\Bootstrap\HandleExceptions->handleError(2, 'Cannot modify h...', 'C:\\Users\\Lenovo...', 328)
#1 [internal function]: Illuminate\Foundation\Bootstrap\HandleExceptions->{closure:Illuminate\Foundation\Bootstrap\HandleExceptions::forwardsTo():262}(2, 'Cannot modify h...', 'C:\\Users\\Lenovo...', 328)
#2 C:\Users\Lenovo Loq\OneDrive\Desktop\xampp\htdocs\omma-health-center\vendor\symfony\http-foundation\Response.php(328): header('HTTP/1.1 500 In...', true, 500)
#3 C:\Users\Lenovo Loq\OneDrive\Desktop\xampp\htdocs\omma-health-center\vendor\symfony\http-foundation\Response.php(407): Symfony\Component\HttpFoundation\Response->sendHeaders()
#4 C:\Users\Lenovo Loq\OneDrive\Desktop\xampp\htdocs\omma-health-center\vendor\laravel\framework\src\Illuminate\Foundation\Bootstrap\HandleExceptions.php(226): Symfony\Component\HttpFoundation\Response->send()
#5 C:\Users\Lenovo Loq\OneDrive\Desktop\xampp\htdocs\omma-health-center\vendor\laravel\framework\src\Illuminate\Foundation\Bootstrap\HandleExceptions.php(203): Illuminate\Foundation\Bootstrap\HandleExceptions->renderHttpResponse(Object(Illuminate\Encryption\MissingAppKeyException))
#6 C:\Users\Lenovo Loq\OneDrive\Desktop\xampp\htdocs\omma-health-center\vendor\laravel\framework\src\Illuminate\Foundation\Bootstrap\HandleExceptions.php(263): Illuminate\Foundation\Bootstrap\HandleExceptions->handleException(Object(Illuminate\Encryption\MissingAppKeyException))
#7 [internal function]: Illuminate\Foundation\Bootstrap\HandleExceptions->{closure:Illuminate\Foundation\Bootstrap\HandleExceptions::forwardsTo():262}(Object(Illuminate\Encryption\MissingAppKeyException))
#8 {main}
  thrown {"exception":"[object] (Symfony\\Component\\ErrorHandler\\Error\\FatalError(code: 0): Uncaught ErrorException: Cannot modify header information - headers already sent by (output started at C:\\Users\\Lenovo Loq\\OneDrive\\Desktop\\xampp\\htdocs\\omma-health-center\\vendor\\symfony\\http-foundation\\Response.php:393) in C:\\Users\\Lenovo Loq\\OneDrive\\Desktop\\xampp\\htdocs\\omma-health-center\\vendor\\symfony\\http-foundation\\Response.php:328
Stack trace:
#0 C:\\Users\\Lenovo Loq\\OneDrive\\Desktop\\xampp\\htdocs\\omma-health-center\\vendor\\laravel\\framework\\src\\Illuminate\\Foundation\\Bootstrap\\HandleExceptions.php(263): Illuminate\\Foundation\\Bootstrap\\HandleExceptions->handleError(2, 'Cannot modify h...', 'C:\\\\Users\\\\Lenovo...', 328)
#1 [internal function]: Illuminate\\Foundation\\Bootstrap\\HandleExceptions->{closure:Illuminate\\Foundation\\Bootstrap\\HandleExceptions::forwardsTo():262}(2, 'Cannot modify h...', 'C:\\\\Users\\\\Lenovo...', 328)
#2 C:\\Users\\Lenovo Loq\\OneDrive\\Desktop\\xampp\\htdocs\\omma-health-center\\vendor\\symfony\\http-foundation\\Response.php(328): header('HTTP/1.1 500 In...', true, 500)
#3 C:\\Users\\Lenovo Loq\\OneDrive\\Desktop\\xampp\\htdocs\\omma-health-center\\vendor\\symfony\\http-foundation\\Response.php(407): Symfony\\Component\\HttpFoundation\\Response->sendHeaders()
#4 C:\\Users\\Lenovo Loq\\OneDrive\\Desktop\\xampp\\htdocs\\omma-health-center\\vendor\\laravel\\framework\\src\\Illuminate\\Foundation\\Bootstrap\\HandleExceptions.php(226): Symfony\\Component\\HttpFoundation\\Response->send()
#5 C:\\Users\\Lenovo Loq\\OneDrive\\Desktop\\xampp\\htdocs\\omma-health-center\\vendor\\laravel\\framework\\src\\Illuminate\\Foundation\\Bootstrap\\HandleExceptions.php(203): Illuminate\\Foundation\\Bootstrap\\HandleExceptions->renderHttpResponse(Object(Illuminate\\Encryption\\MissingAppKeyException))
#6 C:\\Users\\Lenovo Loq\\OneDrive\\Desktop\\xampp\\htdocs\\omma-health-center\\vendor\\laravel\\framework\\src\\Illuminate\\Foundation\\Bootstrap\\HandleExceptions.php(263): Illuminate\\Foundation\\Bootstrap\\HandleExceptions->handleException(Object(Illuminate\\Encryption\\MissingAppKeyException))
#7 [internal function]: Illuminate\\Foundation\\Bootstrap\\HandleExceptions->{closure:Illuminate\\Foundation\\Bootstrap\\HandleExceptions::forwardsTo():262}(Object(Illuminate\\Encryption\\MissingAppKeyException))
#8 {main}
  thrown at C:/Users/Lenovo Loq/OneDrive/Desktop/xampp/htdocs/omma-health-center/vendor/symfony/http-foundation/Response.php:328)
[stacktrace]
#0 {main}
"} 
[2026-08-08 17:42:16] production.ERROR: file_get_contents(C:\Users\Lenovo Loq\OneDrive\Desktop\xampp\htdocs\omma-health-center\.env): Failed to open stream: No such file or directory {"exception":"[object] (ErrorException(code: 0): file_get_contents(C:\\Users\\Lenovo Loq\\OneDrive\\Desktop\\xampp\\htdocs\\omma-health-center\\.env): Failed to open stream: No such file or directory at C:/Users/Lenovo Loq/OneDrive/Desktop/xampp/htdocs/omma-health-center/vendor/laravel/framework/src/Illuminate/Foundation/Console/KeyGenerateCommand.php:105)
[stacktrace]
#0 C:/Users/Lenovo Loq/OneDrive/Desktop/xampp/htdocs/omma-health-center/vendor/laravel/framework/src/Illuminate/Foundation/Bootstrap/HandleExceptions.php(263): Illuminate/Foundation/Bootstrap/HandleExceptions->handleError(2, 'file_get_conten...', 'C://Users//Lenovo...', 105)
#1 [internal function]: Illuminate/Foundation/Bootstrap/HandleExceptions->{closure:Illuminate/Foundation/Bootstrap/HandleExceptions::forwardsTo():262}(2, 'file_get_conten...', 'C://Users//Lenovo...', 105)
#2 C:/Users/Lenovo Loq/OneDrive/Desktop/xampp/htdocs/omma-health-center/vendor/laravel/framework/src/Illuminate/Foundation/Console/KeyGenerateCommand.php(105): file_get_contents('C://Users//Lenovo...')
#3 C:/Users/Lenovo Loq/OneDrive/Desktop/xampp/htdocs/omma-health-center/vendor/laravel/framework/src/Illuminate/Foundation/Console/KeyGenerateCommand.php(87): Illuminate/Foundation/Console/KeyGenerateCommand->writeNewEnvironmentFileWith('base64:w+H2bdnd...')
#4 C:/Users/Lenovo Loq/OneDrive/Desktop/xampp/htdocs/omma-health-center/vendor/laravel/framework/src/Illuminate/Foundation/Console/KeyGenerateCommand.php(52): Illuminate/Foundation/Console/KeyGenerateCommand->setKeyInEnvironmentFile('base64:w+H2bdnd...')
#5 C:/Users/Lenovo Loq/OneDrive/Desktop/xampp/htdocs/omma-health-center/vendor/laravel/framework/src/Illuminate/Container/BoundMethod.php(36): Illuminate/Foundation/Console/KeyGenerateCommand->handle()
#6 C:/Users/Lenovo Loq/OneDrive/Desktop/xampp/htdocs/omma-health-center/vendor/laravel/framework/src/Illuminate/Container/Util.php(43): Illuminate/Container/BoundMethod::{closure:Illuminate/Container/BoundMethod::call():35}()
#7 C:/Users/Lenovo Loq/OneDrive/Desktop/xampp/htdocs/omma-health-center/vendor/laravel/framework/src/Illuminate/Container/BoundMethod.php(96): Illuminate/Container/Util::unwrapIfClosure(Object(Closure))
#8 C:/Users/Lenovo Loq/OneDrive/Desktop/xampp/htdocs/omma-health-center/vendor/laravel/framework/src/Illuminate/Container/BoundMethod.php(35): Illuminate/Container/BoundMethod::callBoundMethod(Object(Illuminate/Foundation/Application), Array, Object(Closure))
#9 C:/Users/Lenovo Loq/OneDrive/Desktop/xampp/htdocs/omma-health-center/vendor/laravel/framework/src/Illuminate/Container/Container.php(800): Illuminate/Container/BoundMethod::call(Object(Illuminate/Foundation/Application), Array, Array, NULL)
#10 C:/Users/Lenovo Loq/OneDrive/Desktop/xampp/htdocs/omma-health-center/vendor/laravel/framework/src/Illuminate/Console/Command.php(292): Illuminate/Container/Container->call(Array)
#11 C:/Users/Lenovo Loq/OneDrive/Desktop/xampp/htdocs/omma-health-center/vendor/symfony/console/Command/Command.php(284): Illuminate/Console/Command->execute(Object(Symfony/Component/Console/Input/ArgvInput), Object(Illuminate/Console/OutputStyle))
#12 C:/Users/Lenovo Loq/OneDrive/Desktop/xampp/htdocs/omma-health-center/vendor/laravel/framework/src/Illuminate/Console/Command.php(261): Symfony/Component/Console/Command/Command->run(Object(Symfony/Component/Console/Input/ArgvInput), Object(Illuminate/Console/OutputStyle))
#13 C:/Users/Lenovo Loq/OneDrive/Desktop/xampp/htdocs/omma-health-center/vendor/symfony/console/Application.php(1144): Illuminate/Console/Command->run(Object(Symfony/Component/Console/Input/ArgvInput), Object(Symfony/Component/Console/Output/ConsoleOutput))
#14 C:/Users/Lenovo Loq/OneDrive/Desktop/xampp/htdocs/omma-health-center/vendor/symfony/console/Application.php(379): Symfony/Component/Console/Application->doRunCommand(Object(Illuminate/Foundation/Console/KeyGenerateCommand), Object(Symfony/Component/Console/Input/ArgvInput), Object(Symfony/Component/Console/Output/ConsoleOutput))
#15 C:/Users/Lenovo Loq/OneDrive/Desktop/xampp/htdocs/omma-health-center/vendor/symfony/console/Application.php(218): Symfony/Component/Console/Application->doRun(Object(Symfony/Component/Console/Input/ArgvInput), Object(Symfony/Component/Console/Output/ConsoleOutput))
#16 C:/Users/Lenovo Loq/OneDrive/Desktop/xampp/htdocs/omma-health-center/vendor/laravel/framework/src/Illuminate/Foundation/Console/Kernel.php(198): Symfony/Component/Console/Application->run(Object(Symfony/Component/Console/Input/ArgvInput), Object(Symfony/Component/Console/Output/ConsoleOutput))
#17 C:/Users/Lenovo Loq/OneDrive/Desktop/xampp/htdocs/omma-health-center/vendor/laravel/framework/src/Illuminate/Foundation/Application.php(1242): Illuminate/Foundation/Console/Kernel->handle(Object(Symfony/Component/Console/Input/ArgvInput), Object(Symfony/Component/Console/Output/ConsoleOutput))
#18 C:/Users/Lenovo Loq/OneDrive/Desktop/xampp/htdocs/omma-health-center/artisan(16): Illuminate/Foundation/Application->handleCommand(Object(Symfony/Component/Console/Input/ArgvInput))
#19 {main}
"} 
[2026-08-08 17:44:15] local.ERROR: SQLSTATE[42S02]: Base table or view not found: 1146 Table 'omma.bookings' doesn't exist (Connection: mysql, Host: 127.0.0.1, Port: 3306, Database: omma, SQL: select * from `bookings` where `user_id` = 1 and `appointment_date` >= 2026-08-08 order by `appointment_date` asc, `appointment_time` asc) {"userId":1,"exception":"[object] (Illuminate\\Database\\QueryException(code: 42S02): SQLSTATE[42S02]: Base table or view not found: 1146 Table 'omma.bookings' doesn't exist (Connection: mysql, Host: 127.0.0.1, Port: 3306, Database: omma, SQL: select * from `bookings` where `user_id` = 1 and `appointment_date` >= 2026-08-08 order by `appointment_date` asc, `appointment_time` asc) at C:/Users/Lenovo Loq/OneDrive/Desktop/xampp/htdocs/omma-health-center/vendor/laravel/framework/src/Illuminate/Database/Connection.php:857)
[stacktrace]
#0 C:/Users/Lenovo Loq/OneDrive/Desktop/xampp/htdocs/omma-health-center/vendor/laravel/framework/src/Illuminate/Database/Connection.php(813): Illuminate/Database/Connection->runQueryCallback('select * from `...', Array, Object(Closure))
#1 C:/Users/Lenovo Loq/OneDrive/Desktop/xampp/htdocs/omma-health-center/vendor/laravel/framework/src/Illuminate/Database/Connection.php(426): Illuminate/Database/Connection->run('select * from `...', Array, Object(Closure))
#2 C:/Users/Lenovo Loq/OneDrive/Desktop/xampp/htdocs/omma-health-center/vendor/laravel/framework/src/Illuminate/Database/Query/Builder.php(3573): Illuminate/Database/Connection->select('select * from `...', Array, true, Array)
#3 C:/Users/Lenovo Loq/OneDrive/Desktop/xampp/htdocs/omma-health-center/vendor/laravel/framework/src/Illuminate/Database/Query/Builder.php(3557): Illuminate/Database/Query/Builder->runSelect()
#4 C:/Users/Lenovo Loq/OneDrive/Desktop/xampp/htdocs/omma-health-center/vendor/laravel/framework/src/Illuminate/Database/Eloquent/Builder.php(908): Illuminate/Database/Query/Builder->get(Array)
#5 C:/Users/Lenovo Loq/OneDrive/Desktop/xampp/htdocs/omma-health-center/vendor/laravel/framework/src/Illuminate/Database/Eloquent/Builder.php(890): Illuminate/Database/Eloquent/Builder->getModels(Array)
#6 C:/Users/Lenovo Loq/OneDrive/Desktop/xampp/htdocs/omma-health-center/routes/web.php(35): Illuminate/Database/Eloquent/Builder->get()
#7 C:/Users/Lenovo Loq/OneDrive/Desktop/xampp/htdocs/omma-health-center/vendor/laravel/framework/src/Illuminate/Routing/CallableDispatcher.php(39): Illuminate/Routing/RouteFileRegistrar->{closure:{closure:C:/Users/Lenovo Loq/OneDrive/Desktop/xampp/htdocs/omma-health-center/routes/web.php:29}:32}()
#8 C:/Users/Lenovo Loq/OneDrive/Desktop/xampp/htdocs/omma-health-center/vendor/laravel/framework/src/Illuminate/Routing/Route.php(254): Illuminate/Routing/CallableDispatcher->dispatch(Object(Illuminate/Routing/Route), Object(Closure))
#9 C:/Users/Lenovo Loq/OneDrive/Desktop/xampp/htdocs/omma-health-center/vendor/laravel/framework/src/Illuminate/Routing/Route.php(219): Illuminate/Routing/Route->runCallable()
#10 C:/Users/Lenovo Loq/OneDrive/Desktop/xampp/htdocs/omma-health-center/vendor/laravel/framework/src/Illuminate/Routing/Router.php(822): Illuminate/Routing/Route->run()
#11 C:/Users/Lenovo Loq/OneDrive/Desktop/xampp/htdocs/omma-health-center/vendor/laravel/framework/src/Illuminate/Pipeline/Pipeline.php(180): Illuminate/Routing/Router->{closure:Illuminate/Routing/Router::runRouteWithinStack():821}(Object(Illuminate/Http/Request))
#12 C:/Users/Lenovo Loq/OneDrive/Desktop/xampp/htdocs/omma-health-center/vendor/laravel/framework/src/Illuminate/Routing/Middleware/SubstituteBindings.php(52): Illuminate/Pipeline/Pipeline->{closure:Illuminate/Pipeline/Pipeline::prepareDestination():178}(Object(Illuminate/Http/Request))
#13 C:/Users/Lenovo Loq/OneDrive/Desktop/xampp/htdocs/omma-health-center/vendor/laravel/framework/src/Illuminate/Pipeline/Pipeline.php(219): Illuminate/Routing/Middleware/SubstituteBindings->handle(Object(Illuminate/Http/Request), Object(Closure))
#14 C:/Users/Lenovo Loq/OneDrive/Desktop/xampp/htdocs/omma-health-center/vendor/laravel/framework/src/Illuminate/Auth/Middleware/Authenticate.php(63): Illuminate/Pipeline/Pipeline->{closure:{closure:Illuminate/Pipeline/Pipeline::carry():194}:195}(Object(Illuminate/Http/Request))
#15 C:/Users/Lenovo Loq/OneDrive/Desktop/xampp/htdocs/omma-health-center/vendor/laravel/framework/src/Illuminate/Pipeline/Pipeline.php(219): Illuminate/Auth/Middleware/Authenticate->handle(Object(Illuminate/Http/Request), Object(Closure))
#16 C:/Users/Lenovo Loq/OneDrive/Desktop/xampp/htdocs/omma-health-center/vendor/laravel/framework/src/Illuminate/Foundation/Http/Middleware/PreventRequestForgery.php(104): Illuminate/Pipeline/Pipeline->{closure:{closure:Illuminate/Pipeline/Pipeline::carry():194}:195}(Object(Illuminate/Http/Request))
#17 C:/Users/Lenovo Loq/OneDrive/Desktop/xampp/htdocs/omma-health-center/vendor/laravel/framework/src/Illuminate/Pipeline/Pipeline.php(219): Illuminate/Foundation/Http/Middleware/PreventRequestForgery->handle(Object(Illuminate/Http/Request), Object(Closure))
#18 C:/Users/Lenovo Loq/OneDrive/Desktop/xampp/htdocs/omma-health-center/vendor/laravel/framework/src/Illuminate/View/Middleware/ShareErrorsFromSession.php(48): Illuminate/Pipeline/Pipeline->{closure:{closure:Illuminate/Pipeline/Pipeline::carry():194}:195}(Object(Illuminate/Http/Request))
#19 C:/Users/Lenovo Loq/OneDrive/Desktop/xampp/htdocs/omma-health-center/vendor/laravel/framework/src/Illuminate/Pipeline/Pipeline.php(219): Illuminate/View/Middleware/ShareErrorsFromSession->handle(Object(Illuminate/Http/Request), Object(Closure))
#20 C:/Users/Lenovo Loq/OneDrive/Desktop/xampp/htdocs/omma-health-center/vendor/laravel/framework/src/Illuminate/Session/Middleware/StartSession.php(120): Illuminate/Pipeline/Pipeline->{closure:{closure:Illuminate/Pipeline/Pipeline::carry():194}:195}(Object(Illuminate/Http/Request))
#21 C:/Users/Lenovo Loq/OneDrive/Desktop/xampp/htdocs/omma-health-center/vendor/laravel/framework/src/Illuminate/Session/Middleware/StartSession.php(63): Illuminate/Session/Middleware/StartSession->handleStatefulRequest(Object(Illuminate/Http/Request), Object(Illuminate/Session/Store), Object(Closure))
#22 C:/Users/Lenovo Loq/OneDrive/Desktop/xampp/htdocs/omma-health-center/vendor/laravel/framework/src/Illuminate/Pipeline/Pipeline.php(219): Illuminate/Session/Middleware/StartSession->handle(Object(Illuminate/Http/Request), Object(Closure))
#23 C:/Users/Lenovo Loq/OneDrive/Desktop/xampp/htdocs/omma-health-center/vendor/laravel/framework/src/Illuminate/Cookie/Middleware/AddQueuedCookiesToResponse.php(36): Illuminate/Pipeline/Pipeline->{closure:{closure:Illuminate/Pipeline/Pipeline::carry():194}:195}(Object(Illuminate/Http/Request))
#24 C:/Users/Lenovo Loq/OneDrive/Desktop/xampp/htdocs/omma-health-center/vendor/laravel/framework/src/Illuminate/Pipeline/Pipeline.php(219): Illuminate/Cookie/Middleware/AddQueuedCookiesToResponse->handle(Object(Illuminate/Http/Request), Object(Closure))
#25 C:/Users/Lenovo Loq/OneDrive/Desktop/xampp/htdocs/omma-health-center/vendor/laravel/framework/src/Illuminate/Cookie/Middleware/EncryptCookies.php(74): Illuminate/Pipeline/Pipeline->{closure:{closure:Illuminate/Pipeline/Pipeline::carry():194}:195}(Object(Illuminate/Http/Request))
#26 C:/Users/Lenovo Loq/OneDrive/Desktop/xampp/htdocs/omma-health-center/vendor/laravel/framework/src/Illuminate/Pipeline/Pipeline.php(219): Illuminate/Cookie/Middleware/EncryptCookies->handle(Object(Illuminate/Http/Request), Object(Closure))
#27 C:/Users/Lenovo Loq/OneDrive/Desktop/xampp/htdocs/omma-health-center/vendor/laravel/framework/src/Illuminate/Pipeline/Pipeline.php(137): Illuminate/Pipeline/Pipeline->{closure:{closure:Illuminate/Pipeline/Pipeline::carry():194}:195}(Object(Illuminate/Http/Request))
#28 C:/Users/Lenovo Loq/OneDrive/Desktop/xampp/htdocs/omma-health-center/vendor/laravel/framework/src/Illuminate/Routing/Router.php(821): Illuminate/Pipeline/Pipeline->then(Object(Closure))
#29 C:/Users/Lenovo Loq/OneDrive/Desktop/xampp/htdocs/omma-health-center/vendor/laravel/framework/src/Illuminate/Routing/Router.php(800): Illuminate/Routing/Router->runRouteWithinStack(Object(Illuminate/Routing/Route), Object(Illuminate/Http/Request))
#30 C:/Users/Lenovo Loq/OneDrive/Desktop/xampp/htdocs/omma-health-center/vendor/laravel/framework/src/Illuminate/Routing/Router.php(764): Illuminate/Routing/Router->runRoute(Object(Illuminate/Http/Request), Object(Illuminate/Routing/Route))
#31 C:/Users/Lenovo Loq/OneDrive/Desktop/xampp/htdocs/omma-health-center/vendor/laravel/framework/src/Illuminate/Routing/Router.php(753): Illuminate/Routing/Router->dispatchToRoute(Object(Illuminate/Http/Request))
#32 C:/Users/Lenovo Loq/OneDrive/Desktop/xampp/htdocs/omma-health-center/vendor/laravel/framework/src/Illuminate/Foundation/Http/Kernel.php(200): Illuminate/Routing/Router->dispatch(Object(Illuminate/Http/Request))
#33 C:/Users/Lenovo Loq/OneDrive/Desktop/xampp/htdocs/omma-health-center/vendor/laravel/framework/src/Illuminate/Pipeline/Pipeline.php(180): Illuminate/Foundation/Http/Kernel->{closure:Illuminate/Foundation/Http/Kernel::dispatchToRouter():197}(Object(Illuminate/Http/Request))
#34 C:/Users/Lenovo Loq/OneDrive/Desktop/xampp/htdocs/omma-health-center/vendor/laravel/framework/src/Illuminate/Foundation/Http/Middleware/TransformsRequest.php(21): Illuminate/Pipeline/Pipeline->{closure:Illuminate/Pipeline/Pipeline::prepareDestination():178}(Object(Illuminate/Http/Request))
#35 C:/Users/Lenovo Loq/OneDrive/Desktop/xampp/htdocs/omma-health-center/vendor/laravel/framework/src/Illuminate/Foundation/Http/Middleware/ConvertEmptyStringsToNull.php(31): Illuminate/Foundation/Http/Middleware/TransformsRequest->handle(Object(Illuminate/Http/Request), Object(Closure))
#36 C:/Users/Lenovo Loq/OneDrive/Desktop/xampp/htdocs/omma-health-center/vendor/laravel/framework/src/Illuminate/Pipeline/Pipeline.php(219): Illuminate/Foundation/Http/Middleware/ConvertEmptyStringsToNull->handle(Object(Illuminate/Http/Request), Object(Closure))
#37 C:/Users/Lenovo Loq/OneDrive/Desktop/xampp/htdocs/omma-health-center/vendor/laravel/framework/src/Illuminate/Foundation/Http/Middleware/TransformsRequest.php(21): Illuminate/Pipeline/Pipeline->{closure:{closure:Illuminate/Pipeline/Pipeline::carry():194}:195}(Object(Illuminate/Http/Request))
#38 C:/Users/Lenovo Loq/OneDrive/Desktop/xampp/htdocs/omma-health-center/vendor/laravel/framework/src/Illuminate/Foundation/Http/Middleware/TrimStrings.php(51): Illuminate/Foundation/Http/Middleware/TransformsRequest->handle(Object(Illuminate/Http/Request), Object(Closure))
#39 C:/Users/Lenovo Loq/OneDrive/Desktop/xampp/htdocs/omma-health-center/vendor/laravel/framework/src/Illuminate/Pipeline/Pipeline.php(219): Illuminate/Foundation/Http/Middleware/TrimStrings->handle(Object(Illuminate/Http/Request), Object(Closure))
#40 C:/Users/Lenovo Loq/OneDrive/Desktop/xampp/htdocs/omma-health-center/vendor/laravel/framework/src/Illuminate/Http/Middleware/ValidatePostSize.php(27): Illuminate/Pipeline/Pipeline->{closure:{closure:Illuminate/Pipeline/Pipeline::carry():194}:195}(Object(Illuminate/Http/Request))
#41 C:/Users/Lenovo Loq/OneDrive/Desktop/xampp/htdocs/omma-health-center/vendor/laravel/framework/src/Illuminate/Pipeline/Pipeline.php(219): Illuminate/Http/Middleware/ValidatePostSize->handle(Object(Illuminate/Http/Request), Object(Closure))
#42 C:/Users/Lenovo Loq/OneDrive/Desktop/xampp/htdocs/omma-health-center/vendor/laravel/framework/src/Illuminate/Foundation/Http/Middleware/PreventRequestsDuringMaintenance.php(109): Illuminate/Pipeline/Pipeline->{closure:{closure:Illuminate/Pipeline/Pipeline::carry():194}:195}(Object(Illuminate/Http/Request))
#43 C:/Users/Lenovo Loq/OneDrive/Desktop/xampp/htdocs/omma-health-center/vendor/laravel/framework/src/Illuminate/Pipeline/Pipeline.php(219): Illuminate/Foundation/Http/Middleware/PreventRequestsDuringMaintenance->handle(Object(Illuminate/Http/Request), Object(Closure))
#44 C:/Users/Lenovo Loq/OneDrive/Desktop/xampp/htdocs/omma-health-center/vendor/laravel/framework/src/Illuminate/Http/Middleware/HandleCors.php(61): Illuminate/Pipeline/Pipeline->{closure:{closure:Illuminate/Pipeline/Pipeline::carry():194}:195}(Object(Illuminate/Http/Request))
#45 C:/Users/Lenovo Loq/OneDrive/Desktop/xampp/htdocs/omma-health-center/vendor/laravel/framework/src/Illuminate/Pipeline/Pipeline.php(219): Illuminate/Http/Middleware/HandleCors->handle(Object(Illuminate/Http/Request), Object(Closure))
#46 C:/Users/Lenovo Loq/OneDrive/Desktop/xampp/htdocs/omma-health-center/vendor/laravel/framework/src/Illuminate/Http/Middleware/TrustProxies.php(58): Illuminate/Pipeline/Pipeline->{closure:{closure:Illuminate/Pipeline/Pipeline::carry():194}:195}(Object(Illuminate/Http/Request))
#47 C:/Users/Lenovo Loq/OneDrive/Desktop/xampp/htdocs/omma-health-center/vendor/laravel/framework/src/Illuminate/Pipeline/Pipeline.php(219): Illuminate/Http/Middleware/TrustProxies->handle(Object(Illuminate/Http/Request), Object(Closure))
#48 C:/Users/Lenovo Loq/OneDrive/Desktop/xampp/htdocs/omma-health-center/vendor/laravel/framework/src/Illuminate/Foundation/Http/Middleware/InvokeDeferredCallbacks.php(22): Illuminate/Pipeline/Pipeline->{closure:{closure:Illuminate/Pipeline/Pipeline::carry():194}:195}(Object(Illuminate/Http/Request))
#49 C:/Users/Lenovo Loq/OneDrive/Desktop/xampp/htdocs/omma-health-center/vendor/laravel/framework/src/Illuminate/Pipeline/Pipeline.php(219): Illuminate/Foundation/Http/Middleware/InvokeDeferredCallbacks->handle(Object(Illuminate/Http/Request), Object(Closure))
#50 C:/Users/Lenovo Loq/OneDrive/Desktop/xampp/htdocs/omma-health-center/vendor/laravel/framework/src/Illuminate/Http/Middleware/ValidatePathEncoding.php(28): Illuminate/Pipeline/Pipeline->{closure:{closure:Illuminate/Pipeline/Pipeline::carry():194}:195}(Object(Illuminate/Http/Request))
#51 C:/Users/Lenovo Loq/OneDrive/Desktop/xampp/htdocs/omma-health-center/vendor/laravel/framework/src/Illuminate/Pipeline/Pipeline.php(219): Illuminate/Http/Middleware/ValidatePathEncoding->handle(Object(Illuminate/Http/Request), Object(Closure))
#52 C:/Users/Lenovo Loq/OneDrive/Desktop/xampp/htdocs/omma-health-center/vendor/laravel/framework/src/Illuminate/Pipeline/Pipeline.php(137): Illuminate/Pipeline/Pipeline->{closure:{closure:Illuminate/Pipeline/Pipeline::carry():194}:195}(Object(Illuminate/Http/Request))
#53 C:/Users/Lenovo Loq/OneDrive/Desktop/xampp/htdocs/omma-health-center/vendor/laravel/framework/src/Illuminate/Foundation/Http/Kernel.php(175): Illuminate/Pipeline/Pipeline->then(Object(Closure))
#54 C:/Users/Lenovo Loq/OneDrive/Desktop/xampp/htdocs/omma-health-center/vendor/laravel/framework/src/Illuminate/Foundation/Http/Kernel.php(144): Illuminate/Foundation/Http/Kernel->sendRequestThroughRouter(Object(Illuminate/Http/Request))
#55 C:/Users/Lenovo Loq/OneDrive/Desktop/xampp/htdocs/omma-health-center/vendor/laravel/framework/src/Illuminate/Foundation/Application.php(1227): Illuminate/Foundation/Http/Kernel->handle(Object(Illuminate/Http/Request))
#56 C:/Users/Lenovo Loq/OneDrive/Desktop/xampp/htdocs/omma-health-center/public/index.php(20): Illuminate/Foundation/Application->handleRequest(Object(Illuminate/Http/Request))
#57 C:/Users/Lenovo Loq/OneDrive/Desktop/xampp/htdocs/omma-health-center/vendor/laravel/framework/src/Illuminate/Foundation/resources/server.php(23): require_once('C://Users//Lenovo...')
#58 {main}

[previous exception] [object] (PDOException(code: 42S02): SQLSTATE[42S02]: Base table or view not found: 1146 Table 'omma.bookings' doesn't exist at C:/Users/Lenovo Loq/OneDrive/Desktop/xampp/htdocs/omma-health-center/vendor/laravel/framework/src/Illuminate/Database/Connection.php:435)
[stacktrace]
#0 C:/Users/Lenovo Loq/OneDrive/Desktop/xampp/htdocs/omma-health-center/vendor/laravel/framework/src/Illuminate/Database/Connection.php(435): PDO->prepare('select * from `...')
#1 C:/Users/Lenovo Loq/OneDrive/Desktop/xampp/htdocs/omma-health-center/vendor/laravel/framework/src/Illuminate/Database/Connection.php(846): Illuminate/Database/Connection->{closure:Illuminate/Database/Connection::select():426}('select * from `...', Array)
#2 C:/Users/Lenovo Loq/OneDrive/Desktop/xampp/htdocs/omma-health-center/vendor/laravel/framework/src/Illuminate/Database/Connection.php(813): Illuminate/Database/Connection->runQueryCallback('select * from `...', Array, Object(Closure))
#3 C:/Users/Lenovo Loq/OneDrive/Desktop/xampp/htdocs/omma-health-center/vendor/laravel/framework/src/Illuminate/Database/Connection.php(426): Illuminate/Database/Connection->run('select * from `...', Array, Object(Closure))
#4 C:/Users/Lenovo Loq/OneDrive/Desktop/xampp/htdocs/omma-health-center/vendor/laravel/framework/src/Illuminate/Database/Query/Builder.php(3573): Illuminate/Database/Connection->select('select * from `...', Array, true, Array)
#5 C:/Users/Lenovo Loq/OneDrive/Desktop/xampp/htdocs/omma-health-center/vendor/laravel/framework/src/Illuminate/Database/Query/Builder.php(3557): Illuminate/Database/Query/Builder->runSelect()
#6 C:/Users/Lenovo Loq/OneDrive/Desktop/xampp/htdocs/omma-health-center/vendor/laravel/framework/src/Illuminate/Database/Eloquent/Builder.php(908): Illuminate/Database/Query/Builder->get(Array)
#7 C:/Users/Lenovo Loq/OneDrive/Desktop/xampp/htdocs/omma-health-center/vendor/laravel/framework/src/Illuminate/Database/Eloquent/Builder.php(890): Illuminate/Database/Eloquent/Builder->getModels(Array)
#8 C:/Users/Lenovo Loq/OneDrive/Desktop/xampp/htdocs/omma-health-center/routes/web.php(35): Illuminate/Database/Eloquent/Builder->get()
#9 C:/Users/Lenovo Loq/OneDrive/Desktop/xampp/htdocs/omma-health-center/vendor/laravel/framework/src/Illuminate/Routing/CallableDispatcher.php(39): Illuminate/Routing/RouteFileRegistrar->{closure:{closure:C:/Users/Lenovo Loq/OneDrive/Desktop/xampp/htdocs/omma-health-center/routes/web.php:29}:32}()
#10 C:/Users/Lenovo Loq/OneDrive/Desktop/xampp/htdocs/omma-health-center/vendor/laravel/framework/src/Illuminate/Routing/Route.php(254): Illuminate/Routing/CallableDispatcher->dispatch(Object(Illuminate/Routing/Route), Object(Closure))
#11 C:/Users/Lenovo Loq/OneDrive/Desktop/xampp/htdocs/omma-health-center/vendor/laravel/framework/src/Illuminate/Routing/Route.php(219): Illuminate/Routing/Route->runCallable()
#12 C:/Users/Lenovo Loq/OneDrive/Desktop/xampp/htdocs/omma-health-center/vendor/laravel/framework/src/Illuminate/Routing/Router.php(822): Illuminate/Routing/Route->run()
#13 C:/Users/Lenovo Loq/OneDrive/Desktop/xampp/htdocs/omma-health-center/vendor/laravel/framework/src/Illuminate/Pipeline/Pipeline.php(180): Illuminate/Routing/Router->{closure:Illuminate/Routing/Router::runRouteWithinStack():821}(Object(Illuminate/Http/Request))
#14 C:/Users/Lenovo Loq/OneDrive/Desktop/xampp/htdocs/omma-health-center/vendor/laravel/framework/src/Illuminate/Routing/Middleware/SubstituteBindings.php(52): Illuminate/Pipeline/Pipeline->{closure:Illuminate/Pipeline/Pipeline::prepareDestination():178}(Object(Illuminate/Http/Request))
#15 C:/Users/Lenovo Loq/OneDrive/Desktop/xampp/htdocs/omma-health-center/vendor/laravel/framework/src/Illuminate/Pipeline/Pipeline.php(219): Illuminate/Routing/Middleware/SubstituteBindings->handle(Object(Illuminate/Http/Request), Object(Closure))
#16 C:/Users/Lenovo Loq/OneDrive/Desktop/xampp/htdocs/omma-health-center/vendor/laravel/framework/src/Illuminate/Auth/Middleware/Authenticate.php(63): Illuminate/Pipeline/Pipeline->{closure:{closure:Illuminate/Pipeline/Pipeline::carry():194}:195}(Object(Illuminate/Http/Request))
#17 C:/Users/Lenovo Loq/OneDrive/Desktop/xampp/htdocs/omma-health-center/vendor/laravel/framework/src/Illuminate/Pipeline/Pipeline.php(219): Illuminate/Auth/Middleware/Authenticate->handle(Object(Illuminate/Http/Request), Object(Closure))
#18 C:/Users/Lenovo Loq/OneDrive/Desktop/xampp/htdocs/omma-health-center/vendor/laravel/framework/src/Illuminate/Foundation/Http/Middleware/PreventRequestForgery.php(104): Illuminate/Pipeline/Pipeline->{closure:{closure:Illuminate/Pipeline/Pipeline::carry():194}:195}(Object(Illuminate/Http/Request))
#19 C:/Users/Lenovo Loq/OneDrive/Desktop/xampp/htdocs/omma-health-center/vendor/laravel/framework/src/Illuminate/Pipeline/Pipeline.php(219): Illuminate/Foundation/Http/Middleware/PreventRequestForgery->handle(Object(Illuminate/Http/Request), Object(Closure))
#20 C:/Users/Lenovo Loq/OneDrive/Desktop/xampp/htdocs/omma-health-center/vendor/laravel/framework/src/Illuminate/View/Middleware/ShareErrorsFromSession.php(48): Illuminate/Pipeline/Pipeline->{closure:{closure:Illuminate/Pipeline/Pipeline::carry():194}:195}(Object(Illuminate/Http/Request))
#21 C:/Users/Lenovo Loq/OneDrive/Desktop/xampp/htdocs/omma-health-center/vendor/laravel/framework/src/Illuminate/Pipeline/Pipeline.php(219): Illuminate/View/Middleware/ShareErrorsFromSession->handle(Object(Illuminate/Http/Request), Object(Closure))
#22 C:/Users/Lenovo Loq/OneDrive/Desktop/xampp/htdocs/omma-health-center/vendor/laravel/framework/src/Illuminate/Session/Middleware/StartSession.php(120): Illuminate/Pipeline/Pipeline->{closure:{closure:Illuminate/Pipeline/Pipeline::carry():194}:195}(Object(Illuminate/Http/Request))
#23 C:/Users/Lenovo Loq/OneDrive/Desktop/xampp/htdocs/omma-health-center/vendor/laravel/framework/src/Illuminate/Session/Middleware/StartSession.php(63): Illuminate/Session/Middleware/StartSession->handleStatefulRequest(Object(Illuminate/Http/Request), Object(Illuminate/Session/Store), Object(Closure))
#24 C:/Users/Lenovo Loq/OneDrive/Desktop/xampp/htdocs/omma-health-center/vendor/laravel/framework/src/Illuminate/Pipeline/Pipeline.php(219): Illuminate/Session/Middleware/StartSession->handle(Object(Illuminate/Http/Request), Object(Closure))
#25 C:/Users/Lenovo Loq/OneDrive/Desktop/xampp/htdocs/omma-health-center/vendor/laravel/framework/src/Illuminate/Cookie/Middleware/AddQueuedCookiesToResponse.php(36): Illuminate/Pipeline/Pipeline->{closure:{closure:Illuminate/Pipeline/Pipeline::carry():194}:195}(Object(Illuminate/Http/Request))
#26 C:/Users/Lenovo Loq/OneDrive/Desktop/xampp/htdocs/omma-health-center/vendor/laravel/framework/src/Illuminate/Pipeline/Pipeline.php(219): Illuminate/Cookie/Middleware/AddQueuedCookiesToResponse->handle(Object(Illuminate/Http/Request), Object(Closure))
#27 C:/Users/Lenovo Loq/OneDrive/Desktop/xampp/htdocs/omma-health-center/vendor/laravel/framework/src/Illuminate/Cookie/Middleware/EncryptCookies.php(74): Illuminate/Pipeline/Pipeline->{closure:{closure:Illuminate/Pipeline/Pipeline::carry():194}:195}(Object(Illuminate/Http/Request))
#28 C:/Users/Lenovo Loq/OneDrive/Desktop/xampp/htdocs/omma-health-center/vendor/laravel/framework/src/Illuminate/Pipeline/Pipeline.php(219): Illuminate/Cookie/Middleware/EncryptCookies->handle(Object(Illuminate/Http/Request), Object(Closure))
#29 C:/Users/Lenovo Loq/OneDrive/Desktop/xampp/htdocs/omma-health-center/vendor/laravel/framework/src/Illuminate/Pipeline/Pipeline.php(137): Illuminate/Pipeline/Pipeline->{closure:{closure:Illuminate/Pipeline/Pipeline::carry():194}:195}(Object(Illuminate/Http/Request))
#30 C:/Users/Lenovo Loq/OneDrive/Desktop/xampp/htdocs/omma-health-center/vendor/laravel/framework/src/Illuminate/Routing/Router.php(821): Illuminate/Pipeline/Pipeline->then(Object(Closure))
#31 C:/Users/Lenovo Loq/OneDrive/Desktop/xampp/htdocs/omma-health-center/vendor/laravel/framework/src/Illuminate/Routing/Router.php(800): Illuminate/Routing/Router->runRouteWithinStack(Object(Illuminate/Routing/Route), Object(Illuminate/Http/Request))
#32 C:/Users/Lenovo Loq/OneDrive/Desktop/xampp/htdocs/omma-health-center/vendor/laravel/framework/src/Illuminate/Routing/Router.php(764): Illuminate/Routing/Router->runRoute(Object(Illuminate/Http/Request), Object(Illuminate/Routing/Route))
#33 C:/Users/Lenovo Loq/OneDrive/Desktop/xampp/htdocs/omma-health-center/vendor/laravel/framework/src/Illuminate/Routing/Router.php(753): Illuminate/Routing/Router->dispatchToRoute(Object(Illuminate/Http/Request))
#34 C:/Users/Lenovo Loq/OneDrive/Desktop/xampp/htdocs/omma-health-center/vendor/laravel/framework/src/Illuminate/Foundation/Http/Kernel.php(200): Illuminate/Routing/Router->dispatch(Object(Illuminate/Http/Request))
#35 C:/Users/Lenovo Loq/OneDrive/Desktop/xampp/htdocs/omma-health-center/vendor/laravel/framework/src/Illuminate/Pipeline/Pipeline.php(180): Illuminate/Foundation/Http/Kernel->{closure:Illuminate/Foundation/Http/Kernel::dispatchToRouter():197}(Object(Illuminate/Http/Request))
#36 C:/Users/Lenovo Loq/OneDrive/Desktop/xampp/htdocs/omma-health-center/vendor/laravel/framework/src/Illuminate/Foundation/Http/Middleware/TransformsRequest.php(21): Illuminate/Pipeline/Pipeline->{closure:Illuminate/Pipeline/Pipeline::prepareDestination():178}(Object(Illuminate/Http/Request))
#37 C:/Users/Lenovo Loq/OneDrive/Desktop/xampp/htdocs/omma-health-center/vendor/laravel/framework/src/Illuminate/Foundation/Http/Middleware/ConvertEmptyStringsToNull.php(31): Illuminate/Foundation/Http/Middleware/TransformsRequest->handle(Object(Illuminate/Http/Request), Object(Closure))
#38 C:/Users/Lenovo Loq/OneDrive/Desktop/xampp/htdocs/omma-health-center/vendor/laravel/framework/src/Illuminate/Pipeline/Pipeline.php(219): Illuminate/Foundation/Http/Middleware/ConvertEmptyStringsToNull->handle(Object(Illuminate/Http/Request), Object(Closure))
#39 C:/Users/Lenovo Loq/OneDrive/Desktop/xampp/htdocs/omma-health-center/vendor/laravel/framework/src/Illuminate/Foundation/Http/Middleware/TransformsRequest.php(21): Illuminate/Pipeline/Pipeline->{closure:{closure:Illuminate/Pipeline/Pipeline::carry():194}:195}(Object(Illuminate/Http/Request))
#40 C:/Users/Lenovo Loq/OneDrive/Desktop/xampp/htdocs/omma-health-center/vendor/laravel/framework/src/Illuminate/Foundation/Http/Middleware/TrimStrings.php(51): Illuminate/Foundation/Http/Middleware/TransformsRequest->handle(Object(Illuminate/Http/Request), Object(Closure))
#41 C:/Users/Lenovo Loq/OneDrive/Desktop/xampp/htdocs/omma-health-center/vendor/laravel/framework/src/Illuminate/Pipeline/Pipeline.php(219): Illuminate/Foundation/Http/Middleware/TrimStrings->handle(Object(Illuminate/Http/Request), Object(Closure))
#42 C:/Users/Lenovo Loq/OneDrive/Desktop/xampp/htdocs/omma-health-center/vendor/laravel/framework/src/Illuminate/Http/Middleware/ValidatePostSize.php(27): Illuminate/Pipeline/Pipeline->{closure:{closure:Illuminate/Pipeline/Pipeline::carry():194}:195}(Object(Illuminate/Http/Request))
#43 C:/Users/Lenovo Loq/OneDrive/Desktop/xampp/htdocs/omma-health-center/vendor/laravel/framework/src/Illuminate/Pipeline/Pipeline.php(219): Illuminate/Http/Middleware/ValidatePostSize->handle(Object(Illuminate/Http/Request), Object(Closure))
#44 C:/Users/Lenovo Loq/OneDrive/Desktop/xampp/htdocs/omma-health-center/vendor/laravel/framework/src/Illuminate/Foundation/Http/Middleware/PreventRequestsDuringMaintenance.php(109): Illuminate/Pipeline/Pipeline->{closure:{closure:Illuminate/Pipeline/Pipeline::carry():194}:195}(Object(Illuminate/Http/Request))
#45 C:/Users/Lenovo Loq/OneDrive/Desktop/xampp/htdocs/omma-health-center/vendor/laravel/framework/src/Illuminate/Pipeline/Pipeline.php(219): Illuminate/Foundation/Http/Middleware/PreventRequestsDuringMaintenance->handle(Object(Illuminate/Http/Request), Object(Closure))
#46 C:/Users/Lenovo Loq/OneDrive/Desktop/xampp/htdocs/omma-health-center/vendor/laravel/framework/src/Illuminate/Http/Middleware/HandleCors.php(61): Illuminate/Pipeline/Pipeline->{closure:{closure:Illuminate/Pipeline/Pipeline::carry():194}:195}(Object(Illuminate/Http/Request))
#47 C:/Users/Lenovo Loq/OneDrive/Desktop/xampp/htdocs/omma-health-center/vendor/laravel/framework/src/Illuminate/Pipeline/Pipeline.php(219): Illuminate/Http/Middleware/HandleCors->handle(Object(Illuminate/Http/Request), Object(Closure))
#48 C:/Users/Lenovo Loq/OneDrive/Desktop/xampp/htdocs/omma-health-center/vendor/laravel/framework/src/Illuminate/Http/Middleware/TrustProxies.php(58): Illuminate/Pipeline/Pipeline->{closure:{closure:Illuminate/Pipeline/Pipeline::carry():194}:195}(Object(Illuminate/Http/Request))
#49 C:/Users/Lenovo Loq/OneDrive/Desktop/xampp/htdocs/omma-health-center/vendor/laravel/framework/src/Illuminate/Pipeline/Pipeline.php(219): Illuminate/Http/Middleware/TrustProxies->handle(Object(Illuminate/Http/Request), Object(Closure))
#50 C:/Users/Lenovo Loq/OneDrive/Desktop/xampp/htdocs/omma-health-center/vendor/laravel/framework/src/Illuminate/Foundation/Http/Middleware/InvokeDeferredCallbacks.php(22): Illuminate/Pipeline/Pipeline->{closure:{closure:Illuminate/Pipeline/Pipeline::carry():194}:195}(Object(Illuminate/Http/Request))
#51 C:/Users/Lenovo Loq/OneDrive/Desktop/xampp/htdocs/omma-health-center/vendor/laravel/framework/src/Illuminate/Pipeline/Pipeline.php(219): Illuminate/Foundation/Http/Middleware/InvokeDeferredCallbacks->handle(Object(Illuminate/Http/Request), Object(Closure))
#52 C:/Users/Lenovo Loq/OneDrive/Desktop/xampp/htdocs/omma-health-center/vendor/laravel/framework/src/Illuminate/Http/Middleware/ValidatePathEncoding.php(28): Illuminate/Pipeline/Pipeline->{closure:{closure:Illuminate/Pipeline/Pipeline::carry():194}:195}(Object(Illuminate/Http/Request))
#53 C:/Users/Lenovo Loq/OneDrive/Desktop/xampp/htdocs/omma-health-center/vendor/laravel/framework/src/Illuminate/Pipeline/Pipeline.php(219): Illuminate/Http/Middleware/ValidatePathEncoding->handle(Object(Illuminate/Http/Request), Object(Closure))
#54 C:/Users/Lenovo Loq/OneDrive/Desktop/xampp/htdocs/omma-health-center/vendor/laravel/framework/src/Illuminate/Pipeline/Pipeline.php(137): Illuminate/Pipeline/Pipeline->{closure:{closure:Illuminate/Pipeline/Pipeline::carry():194}:195}(Object(Illuminate/Http/Request))
#55 C:/Users/Lenovo Loq/OneDrive/Desktop/xampp/htdocs/omma-health-center/vendor/laravel/framework/src/Illuminate/Foundation/Http/Kernel.php(175): Illuminate/Pipeline/Pipeline->then(Object(Closure))
#56 C:/Users/Lenovo Loq/OneDrive/Desktop/xampp/htdocs/omma-health-center/vendor/laravel/framework/src/Illuminate/Foundation/Http/Kernel.php(144): Illuminate/Foundation/Http/Kernel->sendRequestThroughRouter(Object(Illuminate/Http/Request))
#57 C:/Users/Lenovo Loq/OneDrive/Desktop/xampp/htdocs/omma-health-center/vendor/laravel/framework/src/Illuminate/Foundation/Application.php(1227): Illuminate/Foundation/Http/Kernel->handle(Object(Illuminate/Http/Request))
#58 C:/Users/Lenovo Loq/OneDrive/Desktop/xampp/htdocs/omma-health-center/public/index.php(20): Illuminate/Foundation/Application->handleRequest(Object(Illuminate/Http/Request))
#59 C:/Users/Lenovo Loq/OneDrive/Desktop/xampp/htdocs/omma-health-center/vendor/laravel/framework/src/Illuminate/Foundation/resources/server.php(23): require_once('C://Users//Lenovo...')
#60 {main}
"} 
[2026-08-08 17:45:52] local.ERROR: SQLSTATE[42S01]: Base table or view already exists: 1050 Table 'bookings' already exists (Connection: mysql, Host: 127.0.0.1, Port: 3306, Database: omma, SQL: create table `bookings` (`id` bigint unsigned not null auto_increment primary key, `user_id` bigint unsigned not null, `appointment_date` date not null, `appointment_time` time not null, `status` varchar(255) not null default 'pending', `created_at` timestamp null, `updated_at` timestamp null) default character set utf8mb4 collate 'utf8mb4_unicode_ci') {"exception":"[object] (Illuminate\\Database\\QueryException(code: 42S01): SQLSTATE[42S01]: Base table or view already exists: 1050 Table 'bookings' already exists (Connection: mysql, Host: 127.0.0.1, Port: 3306, Database: omma, SQL: create table `bookings` (`id` bigint unsigned not null auto_increment primary key, `user_id` bigint unsigned not null, `appointment_date` date not null, `appointment_time` time not null, `status` varchar(255) not null default 'pending', `created_at` timestamp null, `updated_at` timestamp null) default character set utf8mb4 collate 'utf8mb4_unicode_ci') at C:/Users/Lenovo Loq/OneDrive/Desktop/xampp/htdocs/omma-health-center/vendor/laravel/framework/src/Illuminate/Database/Connection.php:857)
[stacktrace]
#0 C:/Users/Lenovo Loq/OneDrive/Desktop/xampp/htdocs/omma-health-center/vendor/laravel/framework/src/Illuminate/Database/Connection.php(813): Illuminate/Database/Connection->runQueryCallback('create table `b...', Array, Object(Closure))
#1 C:/Users/Lenovo Loq/OneDrive/Desktop/xampp/htdocs/omma-health-center/vendor/laravel/framework/src/Illuminate/Database/Connection.php(590): Illuminate/Database/Connection->run('create table `b...', Array, Object(Closure))
#2 C:/Users/Lenovo Loq/OneDrive/Desktop/xampp/htdocs/omma-health-center/vendor/laravel/framework/src/Illuminate/Database/Schema/Blueprint.php(122): Illuminate/Database/Connection->statement('create table `b...')
#3 C:/Users/Lenovo Loq/OneDrive/Desktop/xampp/htdocs/omma-health-center/vendor/laravel/framework/src/Illuminate/Database/Schema/Builder.php(702): Illuminate/Database/Schema/Blueprint->build()
#4 C:/Users/Lenovo Loq/OneDrive/Desktop/xampp/htdocs/omma-health-center/vendor/laravel/framework/src/Illuminate/Database/Schema/Builder.php(520): Illuminate/Database/Schema/Builder->build(Object(Illuminate/Database/Schema/Blueprint))
#5 C:/Users/Lenovo Loq/OneDrive/Desktop/xampp/htdocs/omma-health-center/vendor/laravel/framework/src/Illuminate/Support/Facades/Facade.php(364): Illuminate/Database/Schema/Builder->create('bookings', Object(Closure))
#6 C:/Users/Lenovo Loq/OneDrive/Desktop/xampp/htdocs/omma-health-center/database/migrations/2026_08_08_174505_create_bookings_table.php(10): Illuminate/Support/Facades/Facade::__callStatic('create', Array)
#7 C:/Users/Lenovo Loq/OneDrive/Desktop/xampp/htdocs/omma-health-center/vendor/laravel/framework/src/Illuminate/Database/Migrations/Migrator.php(517): Illuminate/Database/Migrations/Migration@anonymous->up()
#8 C:/Users/Lenovo Loq/OneDrive/Desktop/xampp/htdocs/omma-health-center/vendor/laravel/framework/src/Illuminate/Database/Migrations/Migrator.php(442): Illuminate/Database/Migrations/Migrator->runMethod(Object(Illuminate/Database/MySqlConnection), Object(Illuminate/Database/Migrations/Migration@anonymous), 'up')
#9 C:/Users/Lenovo Loq/OneDrive/Desktop/xampp/htdocs/omma-health-center/vendor/laravel/framework/src/Illuminate/Database/Migrations/Migrator.php(451): Illuminate/Database/Migrations/Migrator->{closure:Illuminate/Database/Migrations/Migrator::runMigration():438}()
#10 C:/Users/Lenovo Loq/OneDrive/Desktop/xampp/htdocs/omma-health-center/vendor/laravel/framework/src/Illuminate/Database/Migrations/Migrator.php(253): Illuminate/Database/Migrations/Migrator->runMigration(Object(Illuminate/Database/Migrations/Migration@anonymous), 'up', '2026_08_08_1745...')
#11 C:/Users/Lenovo Loq/OneDrive/Desktop/xampp/htdocs/omma-health-center/vendor/laravel/framework/src/Illuminate/Console/View/Components/Task.php(43): Illuminate/Database/Migrations/Migrator->{closure:Illuminate/Database/Migrations/Migrator::runUp():253}()
#12 C:/Users/Lenovo Loq/OneDrive/Desktop/xampp/htdocs/omma-health-center/vendor/laravel/framework/src/Illuminate/Database/Migrations/Migrator.php(853): Illuminate/Console/View/Components/Task->render('2026_08_08_1745...', Object(Closure))
#13 C:/Users/Lenovo Loq/OneDrive/Desktop/xampp/htdocs/omma-health-center/vendor/laravel/framework/src/Illuminate/Database/Migrations/Migrator.php(253): Illuminate/Database/Migrations/Migrator->write('Illuminate//Cons...', '2026_08_08_1745...', Object(Closure))
#14 C:/Users/Lenovo Loq/OneDrive/Desktop/xampp/htdocs/omma-health-center/vendor/laravel/framework/src/Illuminate/Database/Migrations/Migrator.php(211): Illuminate/Database/Migrations/Migrator->runUp('C://Users//Lenovo...', 2, false)
#15 C:/Users/Lenovo Loq/OneDrive/Desktop/xampp/htdocs/omma-health-center/vendor/laravel/framework/src/Illuminate/Database/Migrations/Migrator.php(138): Illuminate/Database/Migrations/Migrator->runPending(Array, Array)
#16 C:/Users/Lenovo Loq/OneDrive/Desktop/xampp/htdocs/omma-health-center/vendor/laravel/framework/src/Illuminate/Database/Console/Migrations/MigrateCommand.php(118): Illuminate/Database/Migrations/Migrator->run(Array, Array)
#17 C:/Users/Lenovo Loq/OneDrive/Desktop/xampp/htdocs/omma-health-center/vendor/laravel/framework/src/Illuminate/Database/Migrations/Migrator.php(672): Illuminate/Database/Console/Migrations/MigrateCommand->{closure:Illuminate/Database/Console/Migrations/MigrateCommand::runMigrations():111}()
#18 C:/Users/Lenovo Loq/OneDrive/Desktop/xampp/htdocs/omma-health-center/vendor/laravel/framework/src/Illuminate/Database/Console/Migrations/MigrateCommand.php(111): Illuminate/Database/Migrations/Migrator->usingConnection(NULL, Object(Closure))
#19 C:/Users/Lenovo Loq/OneDrive/Desktop/xampp/htdocs/omma-health-center/vendor/laravel/framework/src/Illuminate/Database/Console/Migrations/MigrateCommand.php(90): Illuminate/Database/Console/Migrations/MigrateCommand->runMigrations()
#20 C:/Users/Lenovo Loq/OneDrive/Desktop/xampp/htdocs/omma-health-center/vendor/laravel/framework/src/Illuminate/Container/BoundMethod.php(36): Illuminate/Database/Console/Migrations/MigrateCommand->handle()
#21 C:/Users/Lenovo Loq/OneDrive/Desktop/xampp/htdocs/omma-health-center/vendor/laravel/framework/src/Illuminate/Container/Util.php(43): Illuminate/Container/BoundMethod::{closure:Illuminate/Container/BoundMethod::call():35}()
#22 C:/Users/Lenovo Loq/OneDrive/Desktop/xampp/htdocs/omma-health-center/vendor/laravel/framework/src/Illuminate/Container/BoundMethod.php(96): Illuminate/Container/Util::unwrapIfClosure(Object(Closure))
#23 C:/Users/Lenovo Loq/OneDrive/Desktop/xampp/htdocs/omma-health-center/vendor/laravel/framework/src/Illuminate/Container/BoundMethod.php(35): Illuminate/Container/BoundMethod::callBoundMethod(Object(Illuminate/Foundation/Application), Array, Object(Closure))
#24 C:/Users/Lenovo Loq/OneDrive/Desktop/xampp/htdocs/omma-health-center/vendor/laravel/framework/src/Illuminate/Container/Container.php(800): Illuminate/Container/BoundMethod::call(Object(Illuminate/Foundation/Application), Array, Array, NULL)
#25 C:/Users/Lenovo Loq/OneDrive/Desktop/xampp/htdocs/omma-health-center/vendor/laravel/framework/src/Illuminate/Console/Command.php(292): Illuminate/Container/Container->call(Array)
#26 C:/Users/Lenovo Loq/OneDrive/Desktop/xampp/htdocs/omma-health-center/vendor/symfony/console/Command/Command.php(284): Illuminate/Console/Command->execute(Object(Symfony/Component/Console/Input/ArgvInput), Object(Illuminate/Console/OutputStyle))
#27 C:/Users/Lenovo Loq/OneDrive/Desktop/xampp/htdocs/omma-health-center/vendor/laravel/framework/src/Illuminate/Console/Command.php(261): Symfony/Component/Console/Command/Command->run(Object(Symfony/Component/Console/Input/ArgvInput), Object(Illuminate/Console/OutputStyle))
#28 C:/Users/Lenovo Loq/OneDrive/Desktop/xampp/htdocs/omma-health-center/vendor/symfony/console/Application.php(1144): Illuminate/Console/Command->run(Object(Symfony/Component/Console/Input/ArgvInput), Object(Symfony/Component/Console/Output/ConsoleOutput))
#29 C:/Users/Lenovo Loq/OneDrive/Desktop/xampp/htdocs/omma-health-center/vendor/symfony/console/Application.php(379): Symfony/Component/Console/Application->doRunCommand(Object(Illuminate/Database/Console/Migrations/MigrateCommand), Object(Symfony/Component/Console/Input/ArgvInput), Object(Symfony/Component/Console/Output/ConsoleOutput))
#30 C:/Users/Lenovo Loq/OneDrive/Desktop/xampp/htdocs/omma-health-center/vendor/symfony/console/Application.php(218): Symfony/Component/Console/Application->doRun(Object(Symfony/Component/Console/Input/ArgvInput), Object(Symfony/Component/Console/Output/ConsoleOutput))
#31 C:/Users/Lenovo Loq/OneDrive/Desktop/xampp/htdocs/omma-health-center/vendor/laravel/framework/src/Illuminate/Foundation/Console/Kernel.php(198): Symfony/Component/Console/Application->run(Object(Symfony/Component/Console/Input/ArgvInput), Object(Symfony/Component/Console/Output/ConsoleOutput))
#32 C:/Users/Lenovo Loq/OneDrive/Desktop/xampp/htdocs/omma-health-center/vendor/laravel/framework/src/Illuminate/Foundation/Application.php(1242): Illuminate/Foundation/Console/Kernel->handle(Object(Symfony/Component/Console/Input/ArgvInput), Object(Symfony/Component/Console/Output/ConsoleOutput))
#33 C:/Users/Lenovo Loq/OneDrive/Desktop/xampp/htdocs/omma-health-center/artisan(16): Illuminate/Foundation/Application->handleCommand(Object(Symfony/Component/Console/Input/ArgvInput))
#34 {main}

[previous exception] [object] (PDOException(code: 42S01): SQLSTATE[42S01]: Base table or view already exists: 1050 Table 'bookings' already exists at C:/Users/Lenovo Loq/OneDrive/Desktop/xampp/htdocs/omma-health-center/vendor/laravel/framework/src/Illuminate/Database/Connection.php:601)
[stacktrace]
#0 C:/Users/Lenovo Loq/OneDrive/Desktop/xampp/htdocs/omma-health-center/vendor/laravel/framework/src/Illuminate/Database/Connection.php(601): PDOStatement->execute()
#1 C:/Users/Lenovo Loq/OneDrive/Desktop/xampp/htdocs/omma-health-center/vendor/laravel/framework/src/Illuminate/Database/Connection.php(846): Illuminate/Database/Connection->{closure:Illuminate/Database/Connection::statement():590}('create table `b...', Array)
#2 C:/Users/Lenovo Loq/OneDrive/Desktop/xampp/htdocs/omma-health-center/vendor/laravel/framework/src/Illuminate/Database/Connection.php(813): Illuminate/Database/Connection->runQueryCallback('create table `b...', Array, Object(Closure))
#3 C:/Users/Lenovo Loq/OneDrive/Desktop/xampp/htdocs/omma-health-center/vendor/laravel/framework/src/Illuminate/Database/Connection.php(590): Illuminate/Database/Connection->run('create table `b...', Array, Object(Closure))
#4 C:/Users/Lenovo Loq/OneDrive/Desktop/xampp/htdocs/omma-health-center/vendor/laravel/framework/src/Illuminate/Database/Schema/Blueprint.php(122): Illuminate/Database/Connection->statement('create table `b...')
#5 C:/Users/Lenovo Loq/OneDrive/Desktop/xampp/htdocs/omma-health-center/vendor/laravel/framework/src/Illuminate/Database/Schema/Builder.php(702): Illuminate/Database/Schema/Blueprint->build()
#6 C:/Users/Lenovo Loq/OneDrive/Desktop/xampp/htdocs/omma-health-center/vendor/laravel/framework/src/Illuminate/Database/Schema/Builder.php(520): Illuminate/Database/Schema/Builder->build(Object(Illuminate/Database/Schema/Blueprint))
#7 C:/Users/Lenovo Loq/OneDrive/Desktop/xampp/htdocs/omma-health-center/vendor/laravel/framework/src/Illuminate/Support/Facades/Facade.php(364): Illuminate/Database/Schema/Builder->create('bookings', Object(Closure))
#8 C:/Users/Lenovo Loq/OneDrive/Desktop/xampp/htdocs/omma-health-center/database/migrations/2026_08_08_174505_create_bookings_table.php(10): Illuminate/Support/Facades/Facade::__callStatic('create', Array)
#9 C:/Users/Lenovo Loq/OneDrive/Desktop/xampp/htdocs/omma-health-center/vendor/laravel/framework/src/Illuminate/Database/Migrations/Migrator.php(517): Illuminate/Database/Migrations/Migration@anonymous->up()
#10 C:/Users/Lenovo Loq/OneDrive/Desktop/xampp/htdocs/omma-health-center/vendor/laravel/framework/src/Illuminate/Database/Migrations/Migrator.php(442): Illuminate/Database/Migrations/Migrator->runMethod(Object(Illuminate/Database/MySqlConnection), Object(Illuminate/Database/Migrations/Migration@anonymous), 'up')
#11 C:/Users/Lenovo Loq/OneDrive/Desktop/xampp/htdocs/omma-health-center/vendor/laravel/framework/src/Illuminate/Database/Migrations/Migrator.php(451): Illuminate/Database/Migrations/Migrator->{closure:Illuminate/Database/Migrations/Migrator::runMigration():438}()
#12 C:/Users/Lenovo Loq/OneDrive/Desktop/xampp/htdocs/omma-health-center/vendor/laravel/framework/src/Illuminate/Database/Migrations/Migrator.php(253): Illuminate/Database/Migrations/Migrator->runMigration(Object(Illuminate/Database/Migrations/Migration@anonymous), 'up', '2026_08_08_1745...')
#13 C:/Users/Lenovo Loq/OneDrive/Desktop/xampp/htdocs/omma-health-center/vendor/laravel/framework/src/Illuminate/Console/View/Components/Task.php(43): Illuminate/Database/Migrations/Migrator->{closure:Illuminate/Database/Migrations/Migrator::runUp():253}()
#14 C:/Users/Lenovo Loq/OneDrive/Desktop/xampp/htdocs/omma-health-center/vendor/laravel/framework/src/Illuminate/Database/Migrations/Migrator.php(853): Illuminate/Console/View/Components/Task->render('2026_08_08_1745...', Object(Closure))
#15 C:/Users/Lenovo Loq/OneDrive/Desktop/xampp/htdocs/omma-health-center/vendor/laravel/framework/src/Illuminate/Database/Migrations/Migrator.php(253): Illuminate/Database/Migrations/Migrator->write('Illuminate//Cons...', '2026_08_08_1745...', Object(Closure))
#16 C:/Users/Lenovo Loq/OneDrive/Desktop/xampp/htdocs/omma-health-center/vendor/laravel/framework/src/Illuminate/Database/Migrations/Migrator.php(211): Illuminate/Database/Migrations/Migrator->runUp('C://Users//Lenovo...', 2, false)
#17 C:/Users/Lenovo Loq/OneDrive/Desktop/xampp/htdocs/omma-health-center/vendor/laravel/framework/src/Illuminate/Database/Migrations/Migrator.php(138): Illuminate/Database/Migrations/Migrator->runPending(Array, Array)
#18 C:/Users/Lenovo Loq/OneDrive/Desktop/xampp/htdocs/omma-health-center/vendor/laravel/framework/src/Illuminate/Database/Console/Migrations/MigrateCommand.php(118): Illuminate/Database/Migrations/Migrator->run(Array, Array)
#19 C:/Users/Lenovo Loq/OneDrive/Desktop/xampp/htdocs/omma-health-center/vendor/laravel/framework/src/Illuminate/Database/Migrations/Migrator.php(672): Illuminate/Database/Console/Migrations/MigrateCommand->{closure:Illuminate/Database/Console/Migrations/MigrateCommand::runMigrations():111}()
#20 C:/Users/Lenovo Loq/OneDrive/Desktop/xampp/htdocs/omma-health-center/vendor/laravel/framework/src/Illuminate/Database/Console/Migrations/MigrateCommand.php(111): Illuminate/Database/Migrations/Migrator->usingConnection(NULL, Object(Closure))
#21 C:/Users/Lenovo Loq/OneDrive/Desktop/xampp/htdocs/omma-health-center/vendor/laravel/framework/src/Illuminate/Database/Console/Migrations/MigrateCommand.php(90): Illuminate/Database/Console/Migrations/MigrateCommand->runMigrations()
#22 C:/Users/Lenovo Loq/OneDrive/Desktop/xampp/htdocs/omma-health-center/vendor/laravel/framework/src/Illuminate/Container/BoundMethod.php(36): Illuminate/Database/Console/Migrations/MigrateCommand->handle()
#23 C:/Users/Lenovo Loq/OneDrive/Desktop/xampp/htdocs/omma-health-center/vendor/laravel/framework/src/Illuminate/Container/Util.php(43): Illuminate/Container/BoundMethod::{closure:Illuminate/Container/BoundMethod::call():35}()
#24 C:/Users/Lenovo Loq/OneDrive/Desktop/xampp/htdocs/omma-health-center/vendor/laravel/framework/src/Illuminate/Container/BoundMethod.php(96): Illuminate/Container/Util::unwrapIfClosure(Object(Closure))
#25 C:/Users/Lenovo Loq/OneDrive/Desktop/xampp/htdocs/omma-health-center/vendor/laravel/framework/src/Illuminate/Container/BoundMethod.php(35): Illuminate/Container/BoundMethod::callBoundMethod(Object(Illuminate/Foundation/Application), Array, Object(Closure))
#26 C:/Users/Lenovo Loq/OneDrive/Desktop/xampp/htdocs/omma-health-center/vendor/laravel/framework/src/Illuminate/Container/Container.php(800): Illuminate/Container/BoundMethod::call(Object(Illuminate/Foundation/Application), Array, Array, NULL)
#27 C:/Users/Lenovo Loq/OneDrive/Desktop/xampp/htdocs/omma-health-center/vendor/laravel/framework/src/Illuminate/Console/Command.php(292): Illuminate/Container/Container->call(Array)
#28 C:/Users/Lenovo Loq/OneDrive/Desktop/xampp/htdocs/omma-health-center/vendor/symfony/console/Command/Command.php(284): Illuminate/Console/Command->execute(Object(Symfony/Component/Console/Input/ArgvInput), Object(Illuminate/Console/OutputStyle))
#29 C:/Users/Lenovo Loq/OneDrive/Desktop/xampp/htdocs/omma-health-center/vendor/laravel/framework/src/Illuminate/Console/Command.php(261): Symfony/Component/Console/Command/Command->run(Object(Symfony/Component/Console/Input/ArgvInput), Object(Illuminate/Console/OutputStyle))
#30 C:/Users/Lenovo Loq/OneDrive/Desktop/xampp/htdocs/omma-health-center/vendor/symfony/console/Application.php(1144): Illuminate/Console/Command->run(Object(Symfony/Component/Console/Input/ArgvInput), Object(Symfony/Component/Console/Output/ConsoleOutput))
#31 C:/Users/Lenovo Loq/OneDrive/Desktop/xampp/htdocs/omma-health-center/vendor/symfony/console/Application.php(379): Symfony/Component/Console/Application->doRunCommand(Object(Illuminate/Database/Console/Migrations/MigrateCommand), Object(Symfony/Component/Console/Input/ArgvInput), Object(Symfony/Component/Console/Output/ConsoleOutput))
#32 C:/Users/Lenovo Loq/OneDrive/Desktop/xampp/htdocs/omma-health-center/vendor/symfony/console/Application.php(218): Symfony/Component/Console/Application->doRun(Object(Symfony/Component/Console/Input/ArgvInput), Object(Symfony/Component/Console/Output/ConsoleOutput))
#33 C:/Users/Lenovo Loq/OneDrive/Desktop/xampp/htdocs/omma-health-center/vendor/laravel/framework/src/Illuminate/Foundation/Console/Kernel.php(198): Symfony/Component/Console/Application->run(Object(Symfony/Component/Console/Input/ArgvInput), Object(Symfony/Component/Console/Output/ConsoleOutput))
#34 C:/Users/Lenovo Loq/OneDrive/Desktop/xampp/htdocs/omma-health-center/vendor/laravel/framework/src/Illuminate/Foundation/Application.php(1242): Illuminate/Foundation/Console/Kernel->handle(Object(Symfony/Component/Console/Input/ArgvInput), Object(Symfony/Component/Console/Output/ConsoleOutput))
#35 C:/Users/Lenovo Loq/OneDrive/Desktop/xampp/htdocs/omma-health-center/artisan(16): Illuminate/Foundation/Application->handleCommand(Object(Symfony/Component/Console/Input/ArgvInput))
#36 {main}
"} 
[2026-08-08 17:46:32] local.ERROR: SQLSTATE[42S01]: Base table or view already exists: 1050 Table 'bookings' already exists (Connection: mysql, Host: 127.0.0.1, Port: 3306, Database: omma, SQL: create table `bookings` (`id` bigint unsigned not null auto_increment primary key, `user_id` bigint unsigned not null, `appointment_date` date not null, `appointment_time` time not null, `status` varchar(255) not null default 'pending', `created_at` timestamp null, `updated_at` timestamp null) default character set utf8mb4 collate 'utf8mb4_unicode_ci') {"exception":"[object] (Illuminate\\Database\\QueryException(code: 42S01): SQLSTATE[42S01]: Base table or view already exists: 1050 Table 'bookings' already exists (Connection: mysql, Host: 127.0.0.1, Port: 3306, Database: omma, SQL: create table `bookings` (`id` bigint unsigned not null auto_increment primary key, `user_id` bigint unsigned not null, `appointment_date` date not null, `appointment_time` time not null, `status` varchar(255) not null default 'pending', `created_at` timestamp null, `updated_at` timestamp null) default character set utf8mb4 collate 'utf8mb4_unicode_ci') at C:/Users/Lenovo Loq/OneDrive/Desktop/xampp/htdocs/omma-health-center/vendor/laravel/framework/src/Illuminate/Database/Connection.php:857)
[stacktrace]
#0 C:/Users/Lenovo Loq/OneDrive/Desktop/xampp/htdocs/omma-health-center/vendor/laravel/framework/src/Illuminate/Database/Connection.php(813): Illuminate/Database/Connection->runQueryCallback('create table `b...', Array, Object(Closure))
#1 C:/Users/Lenovo Loq/OneDrive/Desktop/xampp/htdocs/omma-health-center/vendor/laravel/framework/src/Illuminate/Database/Connection.php(590): Illuminate/Database/Connection->run('create table `b...', Array, Object(Closure))
#2 C:/Users/Lenovo Loq/OneDrive/Desktop/xampp/htdocs/omma-health-center/vendor/laravel/framework/src/Illuminate/Database/Schema/Blueprint.php(122): Illuminate/Database/Connection->statement('create table `b...')
#3 C:/Users/Lenovo Loq/OneDrive/Desktop/xampp/htdocs/omma-health-center/vendor/laravel/framework/src/Illuminate/Database/Schema/Builder.php(702): Illuminate/Database/Schema/Blueprint->build()
#4 C:/Users/Lenovo Loq/OneDrive/Desktop/xampp/htdocs/omma-health-center/vendor/laravel/framework/src/Illuminate/Database/Schema/Builder.php(520): Illuminate/Database/Schema/Builder->build(Object(Illuminate/Database/Schema/Blueprint))
#5 C:/Users/Lenovo Loq/OneDrive/Desktop/xampp/htdocs/omma-health-center/vendor/laravel/framework/src/Illuminate/Support/Facades/Facade.php(364): Illuminate/Database/Schema/Builder->create('bookings', Object(Closure))
#6 C:/Users/Lenovo Loq/OneDrive/Desktop/xampp/htdocs/omma-health-center/database/migrations/2026_08_08_174505_create_bookings_table.php(10): Illuminate/Support/Facades/Facade::__callStatic('create', Array)
#7 C:/Users/Lenovo Loq/OneDrive/Desktop/xampp/htdocs/omma-health-center/vendor/laravel/framework/src/Illuminate/Database/Migrations/Migrator.php(517): Illuminate/Database/Migrations/Migration@anonymous->up()
#8 C:/Users/Lenovo Loq/OneDrive/Desktop/xampp/htdocs/omma-health-center/vendor/laravel/framework/src/Illuminate/Database/Migrations/Migrator.php(442): Illuminate/Database/Migrations/Migrator->runMethod(Object(Illuminate/Database/MySqlConnection), Object(Illuminate/Database/Migrations/Migration@anonymous), 'up')
#9 C:/Users/Lenovo Loq/OneDrive/Desktop/xampp/htdocs/omma-health-center/vendor/laravel/framework/src/Illuminate/Database/Migrations/Migrator.php(451): Illuminate/Database/Migrations/Migrator->{closure:Illuminate/Database/Migrations/Migrator::runMigration():438}()
#10 C:/Users/Lenovo Loq/OneDrive/Desktop/xampp/htdocs/omma-health-center/vendor/laravel/framework/src/Illuminate/Database/Migrations/Migrator.php(253): Illuminate/Database/Migrations/Migrator->runMigration(Object(Illuminate/Database/Migrations/Migration@anonymous), 'up', '2026_08_08_1745...')
#11 C:/Users/Lenovo Loq/OneDrive/Desktop/xampp/htdocs/omma-health-center/vendor/laravel/framework/src/Illuminate/Console/View/Components/Task.php(43): Illuminate/Database/Migrations/Migrator->{closure:Illuminate/Database/Migrations/Migrator::runUp():253}()
#12 C:/Users/Lenovo Loq/OneDrive/Desktop/xampp/htdocs/omma-health-center/vendor/laravel/framework/src/Illuminate/Database/Migrations/Migrator.php(853): Illuminate/Console/View/Components/Task->render('2026_08_08_1745...', Object(Closure))
#13 C:/Users/Lenovo Loq/OneDrive/Desktop/xampp/htdocs/omma-health-center/vendor/laravel/framework/src/Illuminate/Database/Migrations/Migrator.php(253): Illuminate/Database/Migrations/Migrator->write('Illuminate//Cons...', '2026_08_08_1745...', Object(Closure))
#14 C:/Users/Lenovo Loq/OneDrive/Desktop/xampp/htdocs/omma-health-center/vendor/laravel/framework/src/Illuminate/Database/Migrations/Migrator.php(211): Illuminate/Database/Migrations/Migrator->runUp('C://Users//Lenovo...', 3, false)
#15 C:/Users/Lenovo Loq/OneDrive/Desktop/xampp/htdocs/omma-health-center/vendor/laravel/framework/src/Illuminate/Database/Migrations/Migrator.php(138): Illuminate/Database/Migrations/Migrator->runPending(Array, Array)
#16 C:/Users/Lenovo Loq/OneDrive/Desktop/xampp/htdocs/omma-health-center/vendor/laravel/framework/src/Illuminate/Database/Console/Migrations/MigrateCommand.php(118): Illuminate/Database/Migrations/Migrator->run(Array, Array)
#17 C:/Users/Lenovo Loq/OneDrive/Desktop/xampp/htdocs/omma-health-center/vendor/laravel/framework/src/Illuminate/Database/Migrations/Migrator.php(672): Illuminate/Database/Console/Migrations/MigrateCommand->{closure:Illuminate/Database/Console/Migrations/MigrateCommand::runMigrations():111}()
#18 C:/Users/Lenovo Loq/OneDrive/Desktop/xampp/htdocs/omma-health-center/vendor/laravel/framework/src/Illuminate/Database/Console/Migrations/MigrateCommand.php(111): Illuminate/Database/Migrations/Migrator->usingConnection(NULL, Object(Closure))
#19 C:/Users/Lenovo Loq/OneDrive/Desktop/xampp/htdocs/omma-health-center/vendor/laravel/framework/src/Illuminate/Database/Console/Migrations/MigrateCommand.php(90): Illuminate/Database/Console/Migrations/MigrateCommand->runMigrations()
#20 C:/Users/Lenovo Loq/OneDrive/Desktop/xampp/htdocs/omma-health-center/vendor/laravel/framework/src/Illuminate/Container/BoundMethod.php(36): Illuminate/Database/Console/Migrations/MigrateCommand->handle()
#21 C:/Users/Lenovo Loq/OneDrive/Desktop/xampp/htdocs/omma-health-center/vendor/laravel/framework/src/Illuminate/Container/Util.php(43): Illuminate/Container/BoundMethod::{closure:Illuminate/Container/BoundMethod::call():35}()
#22 C:/Users/Lenovo Loq/OneDrive/Desktop/xampp/htdocs/omma-health-center/vendor/laravel/framework/src/Illuminate/Container/BoundMethod.php(96): Illuminate/Container/Util::unwrapIfClosure(Object(Closure))
#23 C:/Users/Lenovo Loq/OneDrive/Desktop/xampp/htdocs/omma-health-center/vendor/laravel/framework/src/Illuminate/Container/BoundMethod.php(35): Illuminate/Container/BoundMethod::callBoundMethod(Object(Illuminate/Foundation/Application), Array, Object(Closure))
#24 C:/Users/Lenovo Loq/OneDrive/Desktop/xampp/htdocs/omma-health-center/vendor/laravel/framework/src/Illuminate/Container/Container.php(800): Illuminate/Container/BoundMethod::call(Object(Illuminate/Foundation/Application), Array, Array, NULL)
#25 C:/Users/Lenovo Loq/OneDrive/Desktop/xampp/htdocs/omma-health-center/vendor/laravel/framework/src/Illuminate/Console/Command.php(292): Illuminate/Container/Container->call(Array)
#26 C:/Users/Lenovo Loq/OneDrive/Desktop/xampp/htdocs/omma-health-center/vendor/symfony/console/Command/Command.php(284): Illuminate/Console/Command->execute(Object(Symfony/Component/Console/Input/ArgvInput), Object(Illuminate/Console/OutputStyle))
#27 C:/Users/Lenovo Loq/OneDrive/Desktop/xampp/htdocs/omma-health-center/vendor/laravel/framework/src/Illuminate/Console/Command.php(261): Symfony/Component/Console/Command/Command->run(Object(Symfony/Component/Console/Input/ArgvInput), Object(Illuminate/Console/OutputStyle))
#28 C:/Users/Lenovo Loq/OneDrive/Desktop/xampp/htdocs/omma-health-center/vendor/symfony/console/Application.php(1144): Illuminate/Console/Command->run(Object(Symfony/Component/Console/Input/ArgvInput), Object(Symfony/Component/Console/Output/ConsoleOutput))
#29 C:/Users/Lenovo Loq/OneDrive/Desktop/xampp/htdocs/omma-health-center/vendor/symfony/console/Application.php(379): Symfony/Component/Console/Application->doRunCommand(Object(Illuminate/Database/Console/Migrations/MigrateCommand), Object(Symfony/Component/Console/Input/ArgvInput), Object(Symfony/Component/Console/Output/ConsoleOutput))
#30 C:/Users/Lenovo Loq/OneDrive/Desktop/xampp/htdocs/omma-health-center/vendor/symfony/console/Application.php(218): Symfony/Component/Console/Application->doRun(Object(Symfony/Component/Console/Input/ArgvInput), Object(Symfony/Component/Console/Output/ConsoleOutput))
#31 C:/Users/Lenovo Loq/OneDrive/Desktop/xampp/htdocs/omma-health-center/vendor/laravel/framework/src/Illuminate/Foundation/Console/Kernel.php(198): Symfony/Component/Console/Application->run(Object(Symfony/Component/Console/Input/ArgvInput), Object(Symfony/Component/Console/Output/ConsoleOutput))
#32 C:/Users/Lenovo Loq/OneDrive/Desktop/xampp/htdocs/omma-health-center/vendor/laravel/framework/src/Illuminate/Foundation/Application.php(1242): Illuminate/Foundation/Console/Kernel->handle(Object(Symfony/Component/Console/Input/ArgvInput), Object(Symfony/Component/Console/Output/ConsoleOutput))
#33 C:/Users/Lenovo Loq/OneDrive/Desktop/xampp/htdocs/omma-health-center/artisan(16): Illuminate/Foundation/Application->handleCommand(Object(Symfony/Component/Console/Input/ArgvInput))
#34 {main}

[previous exception] [object] (PDOException(code: 42S01): SQLSTATE[42S01]: Base table or view already exists: 1050 Table 'bookings' already exists at C:/Users/Lenovo Loq/OneDrive/Desktop/xampp/htdocs/omma-health-center/vendor/laravel/framework/src/Illuminate/Database/Connection.php:601)
[stacktrace]
#0 C:/Users/Lenovo Loq/OneDrive/Desktop/xampp/htdocs/omma-health-center/vendor/laravel/framework/src/Illuminate/Database/Connection.php(601): PDOStatement->execute()
#1 C:/Users/Lenovo Loq/OneDrive/Desktop/xampp/htdocs/omma-health-center/vendor/laravel/framework/src/Illuminate/Database/Connection.php(846): Illuminate/Database/Connection->{closure:Illuminate/Database/Connection::statement():590}('create table `b...', Array)
#2 C:/Users/Lenovo Loq/OneDrive/Desktop/xampp/htdocs/omma-health-center/vendor/laravel/framework/src/Illuminate/Database/Connection.php(813): Illuminate/Database/Connection->runQueryCallback('create table `b...', Array, Object(Closure))
#3 C:/Users/Lenovo Loq/OneDrive/Desktop/xampp/htdocs/omma-health-center/vendor/laravel/framework/src/Illuminate/Database/Connection.php(590): Illuminate/Database/Connection->run('create table `b...', Array, Object(Closure))
#4 C:/Users/Lenovo Loq/OneDrive/Desktop/xampp/htdocs/omma-health-center/vendor/laravel/framework/src/Illuminate/Database/Schema/Blueprint.php(122): Illuminate/Database/Connection->statement('create table `b...')
#5 C:/Users/Lenovo Loq/OneDrive/Desktop/xampp/htdocs/omma-health-center/vendor/laravel/framework/src/Illuminate/Database/Schema/Builder.php(702): Illuminate/Database/Schema/Blueprint->build()
#6 C:/Users/Lenovo Loq/OneDrive/Desktop/xampp/htdocs/omma-health-center/vendor/laravel/framework/src/Illuminate/Database/Schema/Builder.php(520): Illuminate/Database/Schema/Builder->build(Object(Illuminate/Database/Schema/Blueprint))
#7 C:/Users/Lenovo Loq/OneDrive/Desktop/xampp/htdocs/omma-health-center/vendor/laravel/framework/src/Illuminate/Support/Facades/Facade.php(364): Illuminate/Database/Schema/Builder->create('bookings', Object(Closure))
#8 C:/Users/Lenovo Loq/OneDrive/Desktop/xampp/htdocs/omma-health-center/database/migrations/2026_08_08_174505_create_bookings_table.php(10): Illuminate/Support/Facades/Facade::__callStatic('create', Array)
#9 C:/Users/Lenovo Loq/OneDrive/Desktop/xampp/htdocs/omma-health-center/vendor/laravel/framework/src/Illuminate/Database/Migrations/Migrator.php(517): Illuminate/Database/Migrations/Migration@anonymous->up()
#10 C:/Users/Lenovo Loq/OneDrive/Desktop/xampp/htdocs/omma-health-center/vendor/laravel/framework/src/Illuminate/Database/Migrations/Migrator.php(442): Illuminate/Database/Migrations/Migrator->runMethod(Object(Illuminate/Database/MySqlConnection), Object(Illuminate/Database/Migrations/Migration@anonymous), 'up')
#11 C:/Users/Lenovo Loq/OneDrive/Desktop/xampp/htdocs/omma-health-center/vendor/laravel/framework/src/Illuminate/Database/Migrations/Migrator.php(451): Illuminate/Database/Migrations/Migrator->{closure:Illuminate/Database/Migrations/Migrator::runMigration():438}()
#12 C:/Users/Lenovo Loq/OneDrive/Desktop/xampp/htdocs/omma-health-center/vendor/laravel/framework/src/Illuminate/Database/Migrations/Migrator.php(253): Illuminate/Database/Migrations/Migrator->runMigration(Object(Illuminate/Database/Migrations/Migration@anonymous), 'up', '2026_08_08_1745...')
#13 C:/Users/Lenovo Loq/OneDrive/Desktop/xampp/htdocs/omma-health-center/vendor/laravel/framework/src/Illuminate/Console/View/Components/Task.php(43): Illuminate/Database/Migrations/Migrator->{closure:Illuminate/Database/Migrations/Migrator::runUp():253}()
#14 C:/Users/Lenovo Loq/OneDrive/Desktop/xampp/htdocs/omma-health-center/vendor/laravel/framework/src/Illuminate/Database/Migrations/Migrator.php(853): Illuminate/Console/View/Components/Task->render('2026_08_08_1745...', Object(Closure))
#15 C:/Users/Lenovo Loq/OneDrive/Desktop/xampp/htdocs/omma-health-center/vendor/laravel/framework/src/Illuminate/Database/Migrations/Migrator.php(253): Illuminate/Database/Migrations/Migrator->write('Illuminate//Cons...', '2026_08_08_1745...', Object(Closure))
#16 C:/Users/Lenovo Loq/OneDrive/Desktop/xampp/htdocs/omma-health-center/vendor/laravel/framework/src/Illuminate/Database/Migrations/Migrator.php(211): Illuminate/Database/Migrations/Migrator->runUp('C://Users//Lenovo...', 3, false)
#17 C:/Users/Lenovo Loq/OneDrive/Desktop/xampp/htdocs/omma-health-center/vendor/laravel/framework/src/Illuminate/Database/Migrations/Migrator.php(138): Illuminate/Database/Migrations/Migrator->runPending(Array, Array)
#18 C:/Users/Lenovo Loq/OneDrive/Desktop/xampp/htdocs/omma-health-center/vendor/laravel/framework/src/Illuminate/Database/Console/Migrations/MigrateCommand.php(118): Illuminate/Database/Migrations/Migrator->run(Array, Array)
#19 C:/Users/Lenovo Loq/OneDrive/Desktop/xampp/htdocs/omma-health-center/vendor/laravel/framework/src/Illuminate/Database/Migrations/Migrator.php(672): Illuminate/Database/Console/Migrations/MigrateCommand->{closure:Illuminate/Database/Console/Migrations/MigrateCommand::runMigrations():111}()
#20 C:/Users/Lenovo Loq/OneDrive/Desktop/xampp/htdocs/omma-health-center/vendor/laravel/framework/src/Illuminate/Database/Console/Migrations/MigrateCommand.php(111): Illuminate/Database/Migrations/Migrator->usingConnection(NULL, Object(Closure))
#21 C:/Users/Lenovo Loq/OneDrive/Desktop/xampp/htdocs/omma-health-center/vendor/laravel/framework/src/Illuminate/Database/Console/Migrations/MigrateCommand.php(90): Illuminate/Database/Console/Migrations/MigrateCommand->runMigrations()
#22 C:/Users/Lenovo Loq/OneDrive/Desktop/xampp/htdocs/omma-health-center/vendor/laravel/framework/src/Illuminate/Container/BoundMethod.php(36): Illuminate/Database/Console/Migrations/MigrateCommand->handle()
#23 C:/Users/Lenovo Loq/OneDrive/Desktop/xampp/htdocs/omma-health-center/vendor/laravel/framework/src/Illuminate/Container/Util.php(43): Illuminate/Container/BoundMethod::{closure:Illuminate/Container/BoundMethod::call():35}()
#24 C:/Users/Lenovo Loq/OneDrive/Desktop/xampp/htdocs/omma-health-center/vendor/laravel/framework/src/Illuminate/Container/BoundMethod.php(96): Illuminate/Container/Util::unwrapIfClosure(Object(Closure))
#25 C:/Users/Lenovo Loq/OneDrive/Desktop/xampp/htdocs/omma-health-center/vendor/laravel/framework/src/Illuminate/Container/BoundMethod.php(35): Illuminate/Container/BoundMethod::callBoundMethod(Object(Illuminate/Foundation/Application), Array, Object(Closure))
#26 C:/Users/Lenovo Loq/OneDrive/Desktop/xampp/htdocs/omma-health-center/vendor/laravel/framework/src/Illuminate/Container/Container.php(800): Illuminate/Container/BoundMethod::call(Object(Illuminate/Foundation/Application), Array, Array, NULL)
#27 C:/Users/Lenovo Loq/OneDrive/Desktop/xampp/htdocs/omma-health-center/vendor/laravel/framework/src/Illuminate/Console/Command.php(292): Illuminate/Container/Container->call(Array)
#28 C:/Users/Lenovo Loq/OneDrive/Desktop/xampp/htdocs/omma-health-center/vendor/symfony/console/Command/Command.php(284): Illuminate/Console/Command->execute(Object(Symfony/Component/Console/Input/ArgvInput), Object(Illuminate/Console/OutputStyle))
#29 C:/Users/Lenovo Loq/OneDrive/Desktop/xampp/htdocs/omma-health-center/vendor/laravel/framework/src/Illuminate/Console/Command.php(261): Symfony/Component/Console/Command/Command->run(Object(Symfony/Component/Console/Input/ArgvInput), Object(Illuminate/Console/OutputStyle))
#30 C:/Users/Lenovo Loq/OneDrive/Desktop/xampp/htdocs/omma-health-center/vendor/symfony/console/Application.php(1144): Illuminate/Console/Command->run(Object(Symfony/Component/Console/Input/ArgvInput), Object(Symfony/Component/Console/Output/ConsoleOutput))
#31 C:/Users/Lenovo Loq/OneDrive/Desktop/xampp/htdocs/omma-health-center/vendor/symfony/console/Application.php(379): Symfony/Component/Console/Application->doRunCommand(Object(Illuminate/Database/Console/Migrations/MigrateCommand), Object(Symfony/Component/Console/Input/ArgvInput), Object(Symfony/Component/Console/Output/ConsoleOutput))
#32 C:/Users/Lenovo Loq/OneDrive/Desktop/xampp/htdocs/omma-health-center/vendor/symfony/console/Application.php(218): Symfony/Component/Console/Application->doRun(Object(Symfony/Component/Console/Input/ArgvInput), Object(Symfony/Component/Console/Output/ConsoleOutput))
#33 C:/Users/Lenovo Loq/OneDrive/Desktop/xampp/htdocs/omma-health-center/vendor/laravel/framework/src/Illuminate/Foundation/Console/Kernel.php(198): Symfony/Component/Console/Application->run(Object(Symfony/Component/Console/Input/ArgvInput), Object(Symfony/Component/Console/Output/ConsoleOutput))
#34 C:/Users/Lenovo Loq/OneDrive/Desktop/xampp/htdocs/omma-health-center/vendor/laravel/framework/src/Illuminate/Foundation/Application.php(1242): Illuminate/Foundation/Console/Kernel->handle(Object(Symfony/Component/Console/Input/ArgvInput), Object(Symfony/Component/Console/Output/ConsoleOutput))
#35 C:/Users/Lenovo Loq/OneDrive/Desktop/xampp/htdocs/omma-health-center/artisan(16): Illuminate/Foundation/Application->handleCommand(Object(Symfony/Component/Console/Input/ArgvInput))
#36 {main}
"} 
[2026-08-08 17:50:49] local.ERROR: Call to undefined method Illuminate\Database\Eloquent\Builder::upcoming() {"userId":1,"exception":"[object] (BadMethodCallException(code: 0): Call to undefined method Illuminate\\Database\\Eloquent\\Builder::upcoming() at C:/Users/Lenovo Loq/OneDrive/Desktop/xampp/htdocs/omma-health-center/vendor/laravel/framework/src/Illuminate/Support/Traits/ForwardsCalls.php:67)
[stacktrace]
#0 C:/Users/Lenovo Loq/OneDrive/Desktop/xampp/htdocs/omma-health-center/vendor/laravel/framework/src/Illuminate/Support/Traits/ForwardsCalls.php(36): Illuminate/Database/Eloquent/Builder::throwBadMethodCallException('upcoming')
#1 C:/Users/Lenovo Loq/OneDrive/Desktop/xampp/htdocs/omma-health-center/vendor/laravel/framework/src/Illuminate/Database/Eloquent/Builder.php(2284): Illuminate/Database/Eloquent/Builder->forwardCallTo(Object(Illuminate/Database/Query/Builder), 'upcoming', Array)
#2 C:/Users/Lenovo Loq/OneDrive/Desktop/xampp/htdocs/omma-health-center/routes/web.php(34): Illuminate/Database/Eloquent/Builder->__call('upcoming', Array)
#3 C:/Users/Lenovo Loq/OneDrive/Desktop/xampp/htdocs/omma-health-center/vendor/laravel/framework/src/Illuminate/Routing/CallableDispatcher.php(39): Illuminate/Routing/RouteFileRegistrar->{closure:{closure:C:/Users/Lenovo Loq/OneDrive/Desktop/xampp/htdocs/omma-health-center/routes/web.php:29}:32}()
#4 C:/Users/Lenovo Loq/OneDrive/Desktop/xampp/htdocs/omma-health-center/vendor/laravel/framework/src/Illuminate/Routing/Route.php(254): Illuminate/Routing/CallableDispatcher->dispatch(Object(Illuminate/Routing/Route), Object(Closure))
#5 C:/Users/Lenovo Loq/OneDrive/Desktop/xampp/htdocs/omma-health-center/vendor/laravel/framework/src/Illuminate/Routing/Route.php(219): Illuminate/Routing/Route->runCallable()
#6 C:/Users/Lenovo Loq/OneDrive/Desktop/xampp/htdocs/omma-health-center/vendor/laravel/framework/src/Illuminate/Routing/Router.php(822): Illuminate/Routing/Route->run()
#7 C:/Users/Lenovo Loq/OneDrive/Desktop/xampp/htdocs/omma-health-center/vendor/laravel/framework/src/Illuminate/Pipeline/Pipeline.php(180): Illuminate/Routing/Router->{closure:Illuminate/Routing/Router::runRouteWithinStack():821}(Object(Illuminate/Http/Request))
#8 C:/Users/Lenovo Loq/OneDrive/Desktop/xampp/htdocs/omma-health-center/vendor/laravel/framework/src/Illuminate/Routing/Middleware/SubstituteBindings.php(52): Illuminate/Pipeline/Pipeline->{closure:Illuminate/Pipeline/Pipeline::prepareDestination():178}(Object(Illuminate/Http/Request))
#9 C:/Users/Lenovo Loq/OneDrive/Desktop/xampp/htdocs/omma-health-center/vendor/laravel/framework/src/Illuminate/Pipeline/Pipeline.php(219): Illuminate/Routing/Middleware/SubstituteBindings->handle(Object(Illuminate/Http/Request), Object(Closure))
#10 C:/Users/Lenovo Loq/OneDrive/Desktop/xampp/htdocs/omma-health-center/vendor/laravel/framework/src/Illuminate/Auth/Middleware/Authenticate.php(63): Illuminate/Pipeline/Pipeline->{closure:{closure:Illuminate/Pipeline/Pipeline::carry():194}:195}(Object(Illuminate/Http/Request))
#11 C:/Users/Lenovo Loq/OneDrive/Desktop/xampp/htdocs/omma-health-center/vendor/laravel/framework/src/Illuminate/Pipeline/Pipeline.php(219): Illuminate/Auth/Middleware/Authenticate->handle(Object(Illuminate/Http/Request), Object(Closure))
#12 C:/Users/Lenovo Loq/OneDrive/Desktop/xampp/htdocs/omma-health-center/vendor/laravel/framework/src/Illuminate/Foundation/Http/Middleware/PreventRequestForgery.php(104): Illuminate/Pipeline/Pipeline->{closure:{closure:Illuminate/Pipeline/Pipeline::carry():194}:195}(Object(Illuminate/Http/Request))
#13 C:/Users/Lenovo Loq/OneDrive/Desktop/xampp/htdocs/omma-health-center/vendor/laravel/framework/src/Illuminate/Pipeline/Pipeline.php(219): Illuminate/Foundation/Http/Middleware/PreventRequestForgery->handle(Object(Illuminate/Http/Request), Object(Closure))
#14 C:/Users/Lenovo Loq/OneDrive/Desktop/xampp/htdocs/omma-health-center/vendor/laravel/framework/src/Illuminate/View/Middleware/ShareErrorsFromSession.php(48): Illuminate/Pipeline/Pipeline->{closure:{closure:Illuminate/Pipeline/Pipeline::carry():194}:195}(Object(Illuminate/Http/Request))
#15 C:/Users/Lenovo Loq/OneDrive/Desktop/xampp/htdocs/omma-health-center/vendor/laravel/framework/src/Illuminate/Pipeline/Pipeline.php(219): Illuminate/View/Middleware/ShareErrorsFromSession->handle(Object(Illuminate/Http/Request), Object(Closure))
#16 C:/Users/Lenovo Loq/OneDrive/Desktop/xampp/htdocs/omma-health-center/vendor/laravel/framework/src/Illuminate/Session/Middleware/StartSession.php(120): Illuminate/Pipeline/Pipeline->{closure:{closure:Illuminate/Pipeline/Pipeline::carry():194}:195}(Object(Illuminate/Http/Request))
#17 C:/Users/Lenovo Loq/OneDrive/Desktop/xampp/htdocs/omma-health-center/vendor/laravel/framework/src/Illuminate/Session/Middleware/StartSession.php(63): Illuminate/Session/Middleware/StartSession->handleStatefulRequest(Object(Illuminate/Http/Request), Object(Illuminate/Session/Store), Object(Closure))
#18 C:/Users/Lenovo Loq/OneDrive/Desktop/xampp/htdocs/omma-health-center/vendor/laravel/framework/src/Illuminate/Pipeline/Pipeline.php(219): Illuminate/Session/Middleware/StartSession->handle(Object(Illuminate/Http/Request), Object(Closure))
#19 C:/Users/Lenovo Loq/OneDrive/Desktop/xampp/htdocs/omma-health-center/vendor/laravel/framework/src/Illuminate/Cookie/Middleware/AddQueuedCookiesToResponse.php(36): Illuminate/Pipeline/Pipeline->{closure:{closure:Illuminate/Pipeline/Pipeline::carry():194}:195}(Object(Illuminate/Http/Request))
#20 C:/Users/Lenovo Loq/OneDrive/Desktop/xampp/htdocs/omma-health-center/vendor/laravel/framework/src/Illuminate/Pipeline/Pipeline.php(219): Illuminate/Cookie/Middleware/AddQueuedCookiesToResponse->handle(Object(Illuminate/Http/Request), Object(Closure))
#21 C:/Users/Lenovo Loq/OneDrive/Desktop/xampp/htdocs/omma-health-center/vendor/laravel/framework/src/Illuminate/Cookie/Middleware/EncryptCookies.php(74): Illuminate/Pipeline/Pipeline->{closure:{closure:Illuminate/Pipeline/Pipeline::carry():194}:195}(Object(Illuminate/Http/Request))
#22 C:/Users/Lenovo Loq/OneDrive/Desktop/xampp/htdocs/omma-health-center/vendor/laravel/framework/src/Illuminate/Pipeline/Pipeline.php(219): Illuminate/Cookie/Middleware/EncryptCookies->handle(Object(Illuminate/Http/Request), Object(Closure))
#23 C:/Users/Lenovo Loq/OneDrive/Desktop/xampp/htdocs/omma-health-center/vendor/laravel/framework/src/Illuminate/Pipeline/Pipeline.php(137): Illuminate/Pipeline/Pipeline->{closure:{closure:Illuminate/Pipeline/Pipeline::carry():194}:195}(Object(Illuminate/Http/Request))
#24 C:/Users/Lenovo Loq/OneDrive/Desktop/xampp/htdocs/omma-health-center/vendor/laravel/framework/src/Illuminate/Routing/Router.php(821): Illuminate/Pipeline/Pipeline->then(Object(Closure))
#25 C:/Users/Lenovo Loq/OneDrive/Desktop/xampp/htdocs/omma-health-center/vendor/laravel/framework/src/Illuminate/Routing/Router.php(800): Illuminate/Routing/Router->runRouteWithinStack(Object(Illuminate/Routing/Route), Object(Illuminate/Http/Request))
#26 C:/Users/Lenovo Loq/OneDrive/Desktop/xampp/htdocs/omma-health-center/vendor/laravel/framework/src/Illuminate/Routing/Router.php(764): Illuminate/Routing/Router->runRoute(Object(Illuminate/Http/Request), Object(Illuminate/Routing/Route))
#27 C:/Users/Lenovo Loq/OneDrive/Desktop/xampp/htdocs/omma-health-center/vendor/laravel/framework/src/Illuminate/Routing/Router.php(753): Illuminate/Routing/Router->dispatchToRoute(Object(Illuminate/Http/Request))
#28 C:/Users/Lenovo Loq/OneDrive/Desktop/xampp/htdocs/omma-health-center/vendor/laravel/framework/src/Illuminate/Foundation/Http/Kernel.php(200): Illuminate/Routing/Router->dispatch(Object(Illuminate/Http/Request))
#29 C:/Users/Lenovo Loq/OneDrive/Desktop/xampp/htdocs/omma-health-center/vendor/laravel/framework/src/Illuminate/Pipeline/Pipeline.php(180): Illuminate/Foundation/Http/Kernel->{closure:Illuminate/Foundation/Http/Kernel::dispatchToRouter():197}(Object(Illuminate/Http/Request))
#30 C:/Users/Lenovo Loq/OneDrive/Desktop/xampp/htdocs/omma-health-center/vendor/laravel/framework/src/Illuminate/Foundation/Http/Middleware/TransformsRequest.php(21): Illuminate/Pipeline/Pipeline->{closure:Illuminate/Pipeline/Pipeline::prepareDestination():178}(Object(Illuminate/Http/Request))
#31 C:/Users/Lenovo Loq/OneDrive/Desktop/xampp/htdocs/omma-health-center/vendor/laravel/framework/src/Illuminate/Foundation/Http/Middleware/ConvertEmptyStringsToNull.php(31): Illuminate/Foundation/Http/Middleware/TransformsRequest->handle(Object(Illuminate/Http/Request), Object(Closure))
#32 C:/Users/Lenovo Loq/OneDrive/Desktop/xampp/htdocs/omma-health-center/vendor/laravel/framework/src/Illuminate/Pipeline/Pipeline.php(219): Illuminate/Foundation/Http/Middleware/ConvertEmptyStringsToNull->handle(Object(Illuminate/Http/Request), Object(Closure))
#33 C:/Users/Lenovo Loq/OneDrive/Desktop/xampp/htdocs/omma-health-center/vendor/laravel/framework/src/Illuminate/Foundation/Http/Middleware/TransformsRequest.php(21): Illuminate/Pipeline/Pipeline->{closure:{closure:Illuminate/Pipeline/Pipeline::carry():194}:195}(Object(Illuminate/Http/Request))
#34 C:/Users/Lenovo Loq/OneDrive/Desktop/xampp/htdocs/omma-health-center/vendor/laravel/framework/src/Illuminate/Foundation/Http/Middleware/TrimStrings.php(51): Illuminate/Foundation/Http/Middleware/TransformsRequest->handle(Object(Illuminate/Http/Request), Object(Closure))
#35 C:/Users/Lenovo Loq/OneDrive/Desktop/xampp/htdocs/omma-health-center/vendor/laravel/framework/src/Illuminate/Pipeline/Pipeline.php(219): Illuminate/Foundation/Http/Middleware/TrimStrings->handle(Object(Illuminate/Http/Request), Object(Closure))
#36 C:/Users/Lenovo Loq/OneDrive/Desktop/xampp/htdocs/omma-health-center/vendor/laravel/framework/src/Illuminate/Http/Middleware/ValidatePostSize.php(27): Illuminate/Pipeline/Pipeline->{closure:{closure:Illuminate/Pipeline/Pipeline::carry():194}:195}(Object(Illuminate/Http/Request))
#37 C:/Users/Lenovo Loq/OneDrive/Desktop/xampp/htdocs/omma-health-center/vendor/laravel/framework/src/Illuminate/Pipeline/Pipeline.php(219): Illuminate/Http/Middleware/ValidatePostSize->handle(Object(Illuminate/Http/Request), Object(Closure))
#38 C:/Users/Lenovo Loq/OneDrive/Desktop/xampp/htdocs/omma-health-center/vendor/laravel/framework/src/Illuminate/Foundation/Http/Middleware/PreventRequestsDuringMaintenance.php(109): Illuminate/Pipeline/Pipeline->{closure:{closure:Illuminate/Pipeline/Pipeline::carry():194}:195}(Object(Illuminate/Http/Request))
#39 C:/Users/Lenovo Loq/OneDrive/Desktop/xampp/htdocs/omma-health-center/vendor/laravel/framework/src/Illuminate/Pipeline/Pipeline.php(219): Illuminate/Foundation/Http/Middleware/PreventRequestsDuringMaintenance->handle(Object(Illuminate/Http/Request), Object(Closure))
#40 C:/Users/Lenovo Loq/OneDrive/Desktop/xampp/htdocs/omma-health-center/vendor/laravel/framework/src/Illuminate/Http/Middleware/HandleCors.php(61): Illuminate/Pipeline/Pipeline->{closure:{closure:Illuminate/Pipeline/Pipeline::carry():194}:195}(Object(Illuminate/Http/Request))
#41 C:/Users/Lenovo Loq/OneDrive/Desktop/xampp/htdocs/omma-health-center/vendor/laravel/framework/src/Illuminate/Pipeline/Pipeline.php(219): Illuminate/Http/Middleware/HandleCors->handle(Object(Illuminate/Http/Request), Object(Closure))
#42 C:/Users/Lenovo Loq/OneDrive/Desktop/xampp/htdocs/omma-health-center/vendor/laravel/framework/src/Illuminate/Http/Middleware/TrustProxies.php(58): Illuminate/Pipeline/Pipeline->{closure:{closure:Illuminate/Pipeline/Pipeline::carry():194}:195}(Object(Illuminate/Http/Request))
#43 C:/Users/Lenovo Loq/OneDrive/Desktop/xampp/htdocs/omma-health-center/vendor/laravel/framework/src/Illuminate/Pipeline/Pipeline.php(219): Illuminate/Http/Middleware/TrustProxies->handle(Object(Illuminate/Http/Request), Object(Closure))
#44 C:/Users/Lenovo Loq/OneDrive/Desktop/xampp/htdocs/omma-health-center/vendor/laravel/framework/src/Illuminate/Foundation/Http/Middleware/InvokeDeferredCallbacks.php(22): Illuminate/Pipeline/Pipeline->{closure:{closure:Illuminate/Pipeline/Pipeline::carry():194}:195}(Object(Illuminate/Http/Request))
#45 C:/Users/Lenovo Loq/OneDrive/Desktop/xampp/htdocs/omma-health-center/vendor/laravel/framework/src/Illuminate/Pipeline/Pipeline.php(219): Illuminate/Foundation/Http/Middleware/InvokeDeferredCallbacks->handle(Object(Illuminate/Http/Request), Object(Closure))
#46 C:/Users/Lenovo Loq/OneDrive/Desktop/xampp/htdocs/omma-health-center/vendor/laravel/framework/src/Illuminate/Http/Middleware/ValidatePathEncoding.php(28): Illuminate/Pipeline/Pipeline->{closure:{closure:Illuminate/Pipeline/Pipeline::carry():194}:195}(Object(Illuminate/Http/Request))
#47 C:/Users/Lenovo Loq/OneDrive/Desktop/xampp/htdocs/omma-health-center/vendor/laravel/framework/src/Illuminate/Pipeline/Pipeline.php(219): Illuminate/Http/Middleware/ValidatePathEncoding->handle(Object(Illuminate/Http/Request), Object(Closure))
#48 C:/Users/Lenovo Loq/OneDrive/Desktop/xampp/htdocs/omma-health-center/vendor/laravel/framework/src/Illuminate/Pipeline/Pipeline.php(137): Illuminate/Pipeline/Pipeline->{closure:{closure:Illuminate/Pipeline/Pipeline::carry():194}:195}(Object(Illuminate/Http/Request))
#49 C:/Users/Lenovo Loq/OneDrive/Desktop/xampp/htdocs/omma-health-center/vendor/laravel/framework/src/Illuminate/Foundation/Http/Kernel.php(175): Illuminate/Pipeline/Pipeline->then(Object(Closure))
#50 C:/Users/Lenovo Loq/OneDrive/Desktop/xampp/htdocs/omma-health-center/vendor/laravel/framework/src/Illuminate/Foundation/Http/Kernel.php(144): Illuminate/Foundation/Http/Kernel->sendRequestThroughRouter(Object(Illuminate/Http/Request))
#51 C:/Users/Lenovo Loq/OneDrive/Desktop/xampp/htdocs/omma-health-center/vendor/laravel/framework/src/Illuminate/Foundation/Application.php(1227): Illuminate/Foundation/Http/Kernel->handle(Object(Illuminate/Http/Request))
#52 C:/Users/Lenovo Loq/OneDrive/Desktop/xampp/htdocs/omma-health-center/public/index.php(20): Illuminate/Foundation/Application->handleRequest(Object(Illuminate/Http/Request))
#53 C:/Users/Lenovo Loq/OneDrive/Desktop/xampp/htdocs/omma-health-center/vendor/laravel/framework/src/Illuminate/Foundation/resources/server.php(23): require_once('C://Users//Lenovo...')
#54 {main}
"} 
[2026-08-08 17:53:20] local.ERROR: Call to a member function copy() on string (View: C:\Users\Lenovo Loq\OneDrive\Desktop\xampp\htdocs\omma-health-center\resources\views\booking-confirmation.blade.php) {"userId":2,"exception":"[object] (Illuminate\\View\\ViewException(code: 0): Call to a member function copy() on string (View: C:\\Users\\Lenovo Loq\\OneDrive\\Desktop\\xampp\\htdocs\\omma-health-center\\resources\\views\\booking-confirmation.blade.php) at C:/Users/Lenovo Loq/OneDrive/Desktop/xampp/htdocs/omma-health-center/storage/framework/views/0de2d1d2a6cc4943adebaf0a8e9817b0.php:28)
[stacktrace]
#0 C:/Users/Lenovo Loq/OneDrive/Desktop/xampp/htdocs/omma-health-center/vendor/laravel/framework/src/Illuminate/View/Engines/PhpEngine.php(59): Illuminate/View/Engines/CompilerEngine->handleViewException(Object(Error), 1)
#1 C:/Users/Lenovo Loq/OneDrive/Desktop/xampp/htdocs/omma-health-center/vendor/laravel/framework/src/Illuminate/View/Engines/CompilerEngine.php(76): Illuminate/View/Engines/PhpEngine->evaluatePath('C://Users//Lenovo...', Array)
#2 C:/Users/Lenovo Loq/OneDrive/Desktop/xampp/htdocs/omma-health-center/vendor/laravel/framework/src/Illuminate/View/View.php(208): Illuminate/View/Engines/CompilerEngine->get('C://Users//Lenovo...', Array)
#3 C:/Users/Lenovo Loq/OneDrive/Desktop/xampp/htdocs/omma-health-center/vendor/laravel/framework/src/Illuminate/View/View.php(191): Illuminate/View/View->getContents()
#4 C:/Users/Lenovo Loq/OneDrive/Desktop/xampp/htdocs/omma-health-center/vendor/laravel/framework/src/Illuminate/View/View.php(160): Illuminate/View/View->renderContents()
#5 C:/Users/Lenovo Loq/OneDrive/Desktop/xampp/htdocs/omma-health-center/vendor/laravel/framework/src/Illuminate/Http/Response.php(82): Illuminate/View/View->render()
#6 C:/Users/Lenovo Loq/OneDrive/Desktop/xampp/htdocs/omma-health-center/vendor/laravel/framework/src/Illuminate/Http/Response.php(40): Illuminate/Http/Response->setContent(Object(Illuminate/View/View))
#7 C:/Users/Lenovo Loq/OneDrive/Desktop/xampp/htdocs/omma-health-center/vendor/laravel/framework/src/Illuminate/Routing/Router.php(939): Illuminate/Http/Response->__construct(Object(Illuminate/View/View), 200, Array)
#8 C:/Users/Lenovo Loq/OneDrive/Desktop/xampp/htdocs/omma-health-center/vendor/laravel/framework/src/Illuminate/Routing/Router.php(906): Illuminate/Routing/Router::toResponse(Object(Illuminate/Http/Request), Object(Illuminate/View/View))
#9 C:/Users/Lenovo Loq/OneDrive/Desktop/xampp/htdocs/omma-health-center/vendor/laravel/framework/src/Illuminate/Routing/Router.php(821): Illuminate/Routing/Router->prepareResponse(Object(Illuminate/Http/Request), Object(Illuminate/View/View))
#10 C:/Users/Lenovo Loq/OneDrive/Desktop/xampp/htdocs/omma-health-center/vendor/laravel/framework/src/Illuminate/Pipeline/Pipeline.php(180): Illuminate/Routing/Router->{closure:Illuminate/Routing/Router::runRouteWithinStack():821}(Object(Illuminate/Http/Request))
#11 C:/Users/Lenovo Loq/OneDrive/Desktop/xampp/htdocs/omma-health-center/vendor/laravel/framework/src/Illuminate/Routing/Middleware/SubstituteBindings.php(52): Illuminate/Pipeline/Pipeline->{closure:Illuminate/Pipeline/Pipeline::prepareDestination():178}(Object(Illuminate/Http/Request))
#12 C:/Users/Lenovo Loq/OneDrive/Desktop/xampp/htdocs/omma-health-center/vendor/laravel/framework/src/Illuminate/Pipeline/Pipeline.php(219): Illuminate/Routing/Middleware/SubstituteBindings->handle(Object(Illuminate/Http/Request), Object(Closure))
#13 C:/Users/Lenovo Loq/OneDrive/Desktop/xampp/htdocs/omma-health-center/vendor/laravel/framework/src/Illuminate/Auth/Middleware/Authenticate.php(63): Illuminate/Pipeline/Pipeline->{closure:{closure:Illuminate/Pipeline/Pipeline::carry():194}:195}(Object(Illuminate/Http/Request))
#14 C:/Users/Lenovo Loq/OneDrive/Desktop/xampp/htdocs/omma-health-center/vendor/laravel/framework/src/Illuminate/Pipeline/Pipeline.php(219): Illuminate/Auth/Middleware/Authenticate->handle(Object(Illuminate/Http/Request), Object(Closure))
#15 C:/Users/Lenovo Loq/OneDrive/Desktop/xampp/htdocs/omma-health-center/vendor/laravel/framework/src/Illuminate/Foundation/Http/Middleware/PreventRequestForgery.php(104): Illuminate/Pipeline/Pipeline->{closure:{closure:Illuminate/Pipeline/Pipeline::carry():194}:195}(Object(Illuminate/Http/Request))
#16 C:/Users/Lenovo Loq/OneDrive/Desktop/xampp/htdocs/omma-health-center/vendor/laravel/framework/src/Illuminate/Pipeline/Pipeline.php(219): Illuminate/Foundation/Http/Middleware/PreventRequestForgery->handle(Object(Illuminate/Http/Request), Object(Closure))
#17 C:/Users/Lenovo Loq/OneDrive/Desktop/xampp/htdocs/omma-health-center/vendor/laravel/framework/src/Illuminate/View/Middleware/ShareErrorsFromSession.php(48): Illuminate/Pipeline/Pipeline->{closure:{closure:Illuminate/Pipeline/Pipeline::carry():194}:195}(Object(Illuminate/Http/Request))
#18 C:/Users/Lenovo Loq/OneDrive/Desktop/xampp/htdocs/omma-health-center/vendor/laravel/framework/src/Illuminate/Pipeline/Pipeline.php(219): Illuminate/View/Middleware/ShareErrorsFromSession->handle(Object(Illuminate/Http/Request), Object(Closure))
#19 C:/Users/Lenovo Loq/OneDrive/Desktop/xampp/htdocs/omma-health-center/vendor/laravel/framework/src/Illuminate/Session/Middleware/StartSession.php(120): Illuminate/Pipeline/Pipeline->{closure:{closure:Illuminate/Pipeline/Pipeline::carry():194}:195}(Object(Illuminate/Http/Request))
#20 C:/Users/Lenovo Loq/OneDrive/Desktop/xampp/htdocs/omma-health-center/vendor/laravel/framework/src/Illuminate/Session/Middleware/StartSession.php(63): Illuminate/Session/Middleware/StartSession->handleStatefulRequest(Object(Illuminate/Http/Request), Object(Illuminate/Session/Store), Object(Closure))
#21 C:/Users/Lenovo Loq/OneDrive/Desktop/xampp/htdocs/omma-health-center/vendor/laravel/framework/src/Illuminate/Pipeline/Pipeline.php(219): Illuminate/Session/Middleware/StartSession->handle(Object(Illuminate/Http/Request), Object(Closure))
#22 C:/Users/Lenovo Loq/OneDrive/Desktop/xampp/htdocs/omma-health-center/vendor/laravel/framework/src/Illuminate/Cookie/Middleware/AddQueuedCookiesToResponse.php(36): Illuminate/Pipeline/Pipeline->{closure:{closure:Illuminate/Pipeline/Pipeline::carry():194}:195}(Object(Illuminate/Http/Request))
#23 C:/Users/Lenovo Loq/OneDrive/Desktop/xampp/htdocs/omma-health-center/vendor/laravel/framework/src/Illuminate/Pipeline/Pipeline.php(219): Illuminate/Cookie/Middleware/AddQueuedCookiesToResponse->handle(Object(Illuminate/Http/Request), Object(Closure))
#24 C:/Users/Lenovo Loq/OneDrive/Desktop/xampp/htdocs/omma-health-center/vendor/laravel/framework/src/Illuminate/Cookie/Middleware/EncryptCookies.php(74): Illuminate/Pipeline/Pipeline->{closure:{closure:Illuminate/Pipeline/Pipeline::carry():194}:195}(Object(Illuminate/Http/Request))
#25 C:/Users/Lenovo Loq/OneDrive/Desktop/xampp/htdocs/omma-health-center/vendor/laravel/framework/src/Illuminate/Pipeline/Pipeline.php(219): Illuminate/Cookie/Middleware/EncryptCookies->handle(Object(Illuminate/Http/Request), Object(Closure))
#26 C:/Users/Lenovo Loq/OneDrive/Desktop/xampp/htdocs/omma-health-center/vendor/laravel/framework/src/Illuminate/Pipeline/Pipeline.php(137): Illuminate/Pipeline/Pipeline->{closure:{closure:Illuminate/Pipeline/Pipeline::carry():194}:195}(Object(Illuminate/Http/Request))
#27 C:/Users/Lenovo Loq/OneDrive/Desktop/xampp/htdocs/omma-health-center/vendor/laravel/framework/src/Illuminate/Routing/Router.php(821): Illuminate/Pipeline/Pipeline->then(Object(Closure))
#28 C:/Users/Lenovo Loq/OneDrive/Desktop/xampp/htdocs/omma-health-center/vendor/laravel/framework/src/Illuminate/Routing/Router.php(800): Illuminate/Routing/Router->runRouteWithinStack(Object(Illuminate/Routing/Route), Object(Illuminate/Http/Request))
#29 C:/Users/Lenovo Loq/OneDrive/Desktop/xampp/htdocs/omma-health-center/vendor/laravel/framework/src/Illuminate/Routing/Router.php(764): Illuminate/Routing/Router->runRoute(Object(Illuminate/Http/Request), Object(Illuminate/Routing/Route))
#30 C:/Users/Lenovo Loq/OneDrive/Desktop/xampp/htdocs/omma-health-center/vendor/laravel/framework/src/Illuminate/Routing/Router.php(753): Illuminate/Routing/Router->dispatchToRoute(Object(Illuminate/Http/Request))
#31 C:/Users/Lenovo Loq/OneDrive/Desktop/xampp/htdocs/omma-health-center/vendor/laravel/framework/src/Illuminate/Foundation/Http/Kernel.php(200): Illuminate/Routing/Router->dispatch(Object(Illuminate/Http/Request))
#32 C:/Users/Lenovo Loq/OneDrive/Desktop/xampp/htdocs/omma-health-center/vendor/laravel/framework/src/Illuminate/Pipeline/Pipeline.php(180): Illuminate/Foundation/Http/Kernel->{closure:Illuminate/Foundation/Http/Kernel::dispatchToRouter():197}(Object(Illuminate/Http/Request))
#33 C:/Users/Lenovo Loq/OneDrive/Desktop/xampp/htdocs/omma-health-center/vendor/laravel/framework/src/Illuminate/Foundation/Http/Middleware/TransformsRequest.php(21): Illuminate/Pipeline/Pipeline->{closure:Illuminate/Pipeline/Pipeline::prepareDestination():178}(Object(Illuminate/Http/Request))
#34 C:/Users/Lenovo Loq/OneDrive/Desktop/xampp/htdocs/omma-health-center/vendor/laravel/framework/src/Illuminate/Foundation/Http/Middleware/ConvertEmptyStringsToNull.php(31): Illuminate/Foundation/Http/Middleware/TransformsRequest->handle(Object(Illuminate/Http/Request), Object(Closure))
#35 C:/Users/Lenovo Loq/OneDrive/Desktop/xampp/htdocs/omma-health-center/vendor/laravel/framework/src/Illuminate/Pipeline/Pipeline.php(219): Illuminate/Foundation/Http/Middleware/ConvertEmptyStringsToNull->handle(Object(Illuminate/Http/Request), Object(Closure))
#36 C:/Users/Lenovo Loq/OneDrive/Desktop/xampp/htdocs/omma-health-center/vendor/laravel/framework/src/Illuminate/Foundation/Http/Middleware/TransformsRequest.php(21): Illuminate/Pipeline/Pipeline->{closure:{closure:Illuminate/Pipeline/Pipeline::carry():194}:195}(Object(Illuminate/Http/Request))
#37 C:/Users/Lenovo Loq/OneDrive/Desktop/xampp/htdocs/omma-health-center/vendor/laravel/framework/src/Illuminate/Foundation/Http/Middleware/TrimStrings.php(51): Illuminate/Foundation/Http/Middleware/TransformsRequest->handle(Object(Illuminate/Http/Request), Object(Closure))
#38 C:/Users/Lenovo Loq/OneDrive/Desktop/xampp/htdocs/omma-health-center/vendor/laravel/framework/src/Illuminate/Pipeline/Pipeline.php(219): Illuminate/Foundation/Http/Middleware/TrimStrings->handle(Object(Illuminate/Http/Request), Object(Closure))
#39 C:/Users/Lenovo Loq/OneDrive/Desktop/xampp/htdocs/omma-health-center/vendor/laravel/framework/src/Illuminate/Http/Middleware/ValidatePostSize.php(27): Illuminate/Pipeline/Pipeline->{closure:{closure:Illuminate/Pipeline/Pipeline::carry():194}:195}(Object(Illuminate/Http/Request))
#40 C:/Users/Lenovo Loq/OneDrive/Desktop/xampp/htdocs/omma-health-center/vendor/laravel/framework/src/Illuminate/Pipeline/Pipeline.php(219): Illuminate/Http/Middleware/ValidatePostSize->handle(Object(Illuminate/Http/Request), Object(Closure))
#41 C:/Users/Lenovo Loq/OneDrive/Desktop/xampp/htdocs/omma-health-center/vendor/laravel/framework/src/Illuminate/Foundation/Http/Middleware/PreventRequestsDuringMaintenance.php(109): Illuminate/Pipeline/Pipeline->{closure:{closure:Illuminate/Pipeline/Pipeline::carry():194}:195}(Object(Illuminate/Http/Request))
#42 C:/Users/Lenovo Loq/OneDrive/Desktop/xampp/htdocs/omma-health-center/vendor/laravel/framework/src/Illuminate/Pipeline/Pipeline.php(219): Illuminate/Foundation/Http/Middleware/PreventRequestsDuringMaintenance->handle(Object(Illuminate/Http/Request), Object(Closure))
#43 C:/Users/Lenovo Loq/OneDrive/Desktop/xampp/htdocs/omma-health-center/vendor/laravel/framework/src/Illuminate/Http/Middleware/HandleCors.php(61): Illuminate/Pipeline/Pipeline->{closure:{closure:Illuminate/Pipeline/Pipeline::carry():194}:195}(Object(Illuminate/Http/Request))
#44 C:/Users/Lenovo Loq/OneDrive/Desktop/xampp/htdocs/omma-health-center/vendor/laravel/framework/src/Illuminate/Pipeline/Pipeline.php(219): Illuminate/Http/Middleware/HandleCors->handle(Object(Illuminate/Http/Request), Object(Closure))
#45 C:/Users/Lenovo Loq/OneDrive/Desktop/xampp/htdocs/omma-health-center/vendor/laravel/framework/src/Illuminate/Http/Middleware/TrustProxies.php(58): Illuminate/Pipeline/Pipeline->{closure:{closure:Illuminate/Pipeline/Pipeline::carry():194}:195}(Object(Illuminate/Http/Request))
#46 C:/Users/Lenovo Loq/OneDrive/Desktop/xampp/htdocs/omma-health-center/vendor/laravel/framework/src/Illuminate/Pipeline/Pipeline.php(219): Illuminate/Http/Middleware/TrustProxies->handle(Object(Illuminate/Http/Request), Object(Closure))
#47 C:/Users/Lenovo Loq/OneDrive/Desktop/xampp/htdocs/omma-health-center/vendor/laravel/framework/src/Illuminate/Foundation/Http/Middleware/InvokeDeferredCallbacks.php(22): Illuminate/Pipeline/Pipeline->{closure:{closure:Illuminate/Pipeline/Pipeline::carry():194}:195}(Object(Illuminate/Http/Request))
#48 C:/Users/Lenovo Loq/OneDrive/Desktop/xampp/htdocs/omma-health-center/vendor/laravel/framework/src/Illuminate/Pipeline/Pipeline.php(219): Illuminate/Foundation/Http/Middleware/InvokeDeferredCallbacks->handle(Object(Illuminate/Http/Request), Object(Closure))
#49 C:/Users/Lenovo Loq/OneDrive/Desktop/xampp/htdocs/omma-health-center/vendor/laravel/framework/src/Illuminate/Http/Middleware/ValidatePathEncoding.php(28): Illuminate/Pipeline/Pipeline->{closure:{closure:Illuminate/Pipeline/Pipeline::carry():194}:195}(Object(Illuminate/Http/Request))
#50 C:/Users/Lenovo Loq/OneDrive/Desktop/xampp/htdocs/omma-health-center/vendor/laravel/framework/src/Illuminate/Pipeline/Pipeline.php(219): Illuminate/Http/Middleware/ValidatePathEncoding->handle(Object(Illuminate/Http/Request), Object(Closure))
#51 C:/Users/Lenovo Loq/OneDrive/Desktop/xampp/htdocs/omma-health-center/vendor/laravel/framework/src/Illuminate/Pipeline/Pipeline.php(137): Illuminate/Pipeline/Pipeline->{closure:{closure:Illuminate/Pipeline/Pipeline::carry():194}:195}(Object(Illuminate/Http/Request))
#52 C:/Users/Lenovo Loq/OneDrive/Desktop/xampp/htdocs/omma-health-center/vendor/laravel/framework/src/Illuminate/Foundation/Http/Kernel.php(175): Illuminate/Pipeline/Pipeline->then(Object(Closure))
#53 C:/Users/Lenovo Loq/OneDrive/Desktop/xampp/htdocs/omma-health-center/vendor/laravel/framework/src/Illuminate/Foundation/Http/Kernel.php(144): Illuminate/Foundation/Http/Kernel->sendRequestThroughRouter(Object(Illuminate/Http/Request))
#54 C:/Users/Lenovo Loq/OneDrive/Desktop/xampp/htdocs/omma-health-center/vendor/laravel/framework/src/Illuminate/Foundation/Application.php(1227): Illuminate/Foundation/Http/Kernel->handle(Object(Illuminate/Http/Request))
#55 C:/Users/Lenovo Loq/OneDrive/Desktop/xampp/htdocs/omma-health-center/public/index.php(20): Illuminate/Foundation/Application->handleRequest(Object(Illuminate/Http/Request))
#56 C:/Users/Lenovo Loq/OneDrive/Desktop/xampp/htdocs/omma-health-center/vendor/laravel/framework/src/Illuminate/Foundation/resources/server.php(23): require_once('C://Users//Lenovo...')
#57 {main}

[previous exception] [object] (Error(code: 0): Call to a member function copy() on string at C:/Users/Lenovo Loq/OneDrive/Desktop/xampp/htdocs/omma-health-center/storage/framework/views/0de2d1d2a6cc4943adebaf0a8e9817b0.php:28)
[stacktrace]
#0 C:/Users/Lenovo Loq/OneDrive/Desktop/xampp/htdocs/omma-health-center/vendor/laravel/framework/src/Illuminate/Filesystem/Filesystem.php(123): require()
#1 C:/Users/Lenovo Loq/OneDrive/Desktop/xampp/htdocs/omma-health-center/vendor/laravel/framework/src/Illuminate/Filesystem/Filesystem.php(124): Illuminate/Filesystem/Filesystem::{closure:Illuminate/Filesystem/Filesystem::getRequire():120}()
#2 C:/Users/Lenovo Loq/OneDrive/Desktop/xampp/htdocs/omma-health-center/vendor/laravel/framework/src/Illuminate/View/Engines/PhpEngine.php(57): Illuminate/Filesystem/Filesystem->getRequire('C://Users//Lenovo...', Array)
#3 C:/Users/Lenovo Loq/OneDrive/Desktop/xampp/htdocs/omma-health-center/vendor/laravel/framework/src/Illuminate/View/Engines/CompilerEngine.php(76): Illuminate/View/Engines/PhpEngine->evaluatePath('C://Users//Lenovo...', Array)
#4 C:/Users/Lenovo Loq/OneDrive/Desktop/xampp/htdocs/omma-health-center/vendor/laravel/framework/src/Illuminate/View/View.php(208): Illuminate/View/Engines/CompilerEngine->get('C://Users//Lenovo...', Array)
#5 C:/Users/Lenovo Loq/OneDrive/Desktop/xampp/htdocs/omma-health-center/vendor/laravel/framework/src/Illuminate/View/View.php(191): Illuminate/View/View->getContents()
#6 C:/Users/Lenovo Loq/OneDrive/Desktop/xampp/htdocs/omma-health-center/vendor/laravel/framework/src/Illuminate/View/View.php(160): Illuminate/View/View->renderContents()
#7 C:/Users/Lenovo Loq/OneDrive/Desktop/xampp/htdocs/omma-health-center/vendor/laravel/framework/src/Illuminate/Http/Response.php(82): Illuminate/View/View->render()
#8 C:/Users/Lenovo Loq/OneDrive/Desktop/xampp/htdocs/omma-health-center/vendor/laravel/framework/src/Illuminate/Http/Response.php(40): Illuminate/Http/Response->setContent(Object(Illuminate/View/View))
#9 C:/Users/Lenovo Loq/OneDrive/Desktop/xampp/htdocs/omma-health-center/vendor/laravel/framework/src/Illuminate/Routing/Router.php(939): Illuminate/Http/Response->__construct(Object(Illuminate/View/View), 200, Array)
#10 C:/Users/Lenovo Loq/OneDrive/Desktop/xampp/htdocs/omma-health-center/vendor/laravel/framework/src/Illuminate/Routing/Router.php(906): Illuminate/Routing/Router::toResponse(Object(Illuminate/Http/Request), Object(Illuminate/View/View))
#11 C:/Users/Lenovo Loq/OneDrive/Desktop/xampp/htdocs/omma-health-center/vendor/laravel/framework/src/Illuminate/Routing/Router.php(821): Illuminate/Routing/Router->prepareResponse(Object(Illuminate/Http/Request), Object(Illuminate/View/View))
#12 C:/Users/Lenovo Loq/OneDrive/Desktop/xampp/htdocs/omma-health-center/vendor/laravel/framework/src/Illuminate/Pipeline/Pipeline.php(180): Illuminate/Routing/Router->{closure:Illuminate/Routing/Router::runRouteWithinStack():821}(Object(Illuminate/Http/Request))
#13 C:/Users/Lenovo Loq/OneDrive/Desktop/xampp/htdocs/omma-health-center/vendor/laravel/framework/src/Illuminate/Routing/Middleware/SubstituteBindings.php(52): Illuminate/Pipeline/Pipeline->{closure:Illuminate/Pipeline/Pipeline::prepareDestination():178}(Object(Illuminate/Http/Request))
#14 C:/Users/Lenovo Loq/OneDrive/Desktop/xampp/htdocs/omma-health-center/vendor/laravel/framework/src/Illuminate/Pipeline/Pipeline.php(219): Illuminate/Routing/Middleware/SubstituteBindings->handle(Object(Illuminate/Http/Request), Object(Closure))
#15 C:/Users/Lenovo Loq/OneDrive/Desktop/xampp/htdocs/omma-health-center/vendor/laravel/framework/src/Illuminate/Auth/Middleware/Authenticate.php(63): Illuminate/Pipeline/Pipeline->{closure:{closure:Illuminate/Pipeline/Pipeline::carry():194}:195}(Object(Illuminate/Http/Request))
#16 C:/Users/Lenovo Loq/OneDrive/Desktop/xampp/htdocs/omma-health-center/vendor/laravel/framework/src/Illuminate/Pipeline/Pipeline.php(219): Illuminate/Auth/Middleware/Authenticate->handle(Object(Illuminate/Http/Request), Object(Closure))
#17 C:/Users/Lenovo Loq/OneDrive/Desktop/xampp/htdocs/omma-health-center/vendor/laravel/framework/src/Illuminate/Foundation/Http/Middleware/PreventRequestForgery.php(104): Illuminate/Pipeline/Pipeline->{closure:{closure:Illuminate/Pipeline/Pipeline::carry():194}:195}(Object(Illuminate/Http/Request))
#18 C:/Users/Lenovo Loq/OneDrive/Desktop/xampp/htdocs/omma-health-center/vendor/laravel/framework/src/Illuminate/Pipeline/Pipeline.php(219): Illuminate/Foundation/Http/Middleware/PreventRequestForgery->handle(Object(Illuminate/Http/Request), Object(Closure))
#19 C:/Users/Lenovo Loq/OneDrive/Desktop/xampp/htdocs/omma-health-center/vendor/laravel/framework/src/Illuminate/View/Middleware/ShareErrorsFromSession.php(48): Illuminate/Pipeline/Pipeline->{closure:{closure:Illuminate/Pipeline/Pipeline::carry():194}:195}(Object(Illuminate/Http/Request))
#20 C:/Users/Lenovo Loq/OneDrive/Desktop/xampp/htdocs/omma-health-center/vendor/laravel/framework/src/Illuminate/Pipeline/Pipeline.php(219): Illuminate/View/Middleware/ShareErrorsFromSession->handle(Object(Illuminate/Http/Request), Object(Closure))
#21 C:/Users/Lenovo Loq/OneDrive/Desktop/xampp/htdocs/omma-health-center/vendor/laravel/framework/src/Illuminate/Session/Middleware/StartSession.php(120): Illuminate/Pipeline/Pipeline->{closure:{closure:Illuminate/Pipeline/Pipeline::carry():194}:195}(Object(Illuminate/Http/Request))
#22 C:/Users/Lenovo Loq/OneDrive/Desktop/xampp/htdocs/omma-health-center/vendor/laravel/framework/src/Illuminate/Session/Middleware/StartSession.php(63): Illuminate/Session/Middleware/StartSession->handleStatefulRequest(Object(Illuminate/Http/Request), Object(Illuminate/Session/Store), Object(Closure))
#23 C:/Users/Lenovo Loq/OneDrive/Desktop/xampp/htdocs/omma-health-center/vendor/laravel/framework/src/Illuminate/Pipeline/Pipeline.php(219): Illuminate/Session/Middleware/StartSession->handle(Object(Illuminate/Http/Request), Object(Closure))
#24 C:/Users/Lenovo Loq/OneDrive/Desktop/xampp/htdocs/omma-health-center/vendor/laravel/framework/src/Illuminate/Cookie/Middleware/AddQueuedCookiesToResponse.php(36): Illuminate/Pipeline/Pipeline->{closure:{closure:Illuminate/Pipeline/Pipeline::carry():194}:195}(Object(Illuminate/Http/Request))
#25 C:/Users/Lenovo Loq/OneDrive/Desktop/xampp/htdocs/omma-health-center/vendor/laravel/framework/src/Illuminate/Pipeline/Pipeline.php(219): Illuminate/Cookie/Middleware/AddQueuedCookiesToResponse->handle(Object(Illuminate/Http/Request), Object(Closure))
#26 C:/Users/Lenovo Loq/OneDrive/Desktop/xampp/htdocs/omma-health-center/vendor/laravel/framework/src/Illuminate/Cookie/Middleware/EncryptCookies.php(74): Illuminate/Pipeline/Pipeline->{closure:{closure:Illuminate/Pipeline/Pipeline::carry():194}:195}(Object(Illuminate/Http/Request))
#27 C:/Users/Lenovo Loq/OneDrive/Desktop/xampp/htdocs/omma-health-center/vendor/laravel/framework/src/Illuminate/Pipeline/Pipeline.php(219): Illuminate/Cookie/Middleware/EncryptCookies->handle(Object(Illuminate/Http/Request), Object(Closure))
#28 C:/Users/Lenovo Loq/OneDrive/Desktop/xampp/htdocs/omma-health-center/vendor/laravel/framework/src/Illuminate/Pipeline/Pipeline.php(137): Illuminate/Pipeline/Pipeline->{closure:{closure:Illuminate/Pipeline/Pipeline::carry():194}:195}(Object(Illuminate/Http/Request))
#29 C:/Users/Lenovo Loq/OneDrive/Desktop/xampp/htdocs/omma-health-center/vendor/laravel/framework/src/Illuminate/Routing/Router.php(821): Illuminate/Pipeline/Pipeline->then(Object(Closure))
#30 C:/Users/Lenovo Loq/OneDrive/Desktop/xampp/htdocs/omma-health-center/vendor/laravel/framework/src/Illuminate/Routing/Router.php(800): Illuminate/Routing/Router->runRouteWithinStack(Object(Illuminate/Routing/Route), Object(Illuminate/Http/Request))
#31 C:/Users/Lenovo Loq/OneDrive/Desktop/xampp/htdocs/omma-health-center/vendor/laravel/framework/src/Illuminate/Routing/Router.php(764): Illuminate/Routing/Router->runRoute(Object(Illuminate/Http/Request), Object(Illuminate/Routing/Route))
#32 C:/Users/Lenovo Loq/OneDrive/Desktop/xampp/htdocs/omma-health-center/vendor/laravel/framework/src/Illuminate/Routing/Router.php(753): Illuminate/Routing/Router->dispatchToRoute(Object(Illuminate/Http/Request))
#33 C:/Users/Lenovo Loq/OneDrive/Desktop/xampp/htdocs/omma-health-center/vendor/laravel/framework/src/Illuminate/Foundation/Http/Kernel.php(200): Illuminate/Routing/Router->dispatch(Object(Illuminate/Http/Request))
#34 C:/Users/Lenovo Loq/OneDrive/Desktop/xampp/htdocs/omma-health-center/vendor/laravel/framework/src/Illuminate/Pipeline/Pipeline.php(180): Illuminate/Foundation/Http/Kernel->{closure:Illuminate/Foundation/Http/Kernel::dispatchToRouter():197}(Object(Illuminate/Http/Request))
#35 C:/Users/Lenovo Loq/OneDrive/Desktop/xampp/htdocs/omma-health-center/vendor/laravel/framework/src/Illuminate/Foundation/Http/Middleware/TransformsRequest.php(21): Illuminate/Pipeline/Pipeline->{closure:Illuminate/Pipeline/Pipeline::prepareDestination():178}(Object(Illuminate/Http/Request))
#36 C:/Users/Lenovo Loq/OneDrive/Desktop/xampp/htdocs/omma-health-center/vendor/laravel/framework/src/Illuminate/Foundation/Http/Middleware/ConvertEmptyStringsToNull.php(31): Illuminate/Foundation/Http/Middleware/TransformsRequest->handle(Object(Illuminate/Http/Request), Object(Closure))
#37 C:/Users/Lenovo Loq/OneDrive/Desktop/xampp/htdocs/omma-health-center/vendor/laravel/framework/src/Illuminate/Pipeline/Pipeline.php(219): Illuminate/Foundation/Http/Middleware/ConvertEmptyStringsToNull->handle(Object(Illuminate/Http/Request), Object(Closure))
#38 C:/Users/Lenovo Loq/OneDrive/Desktop/xampp/htdocs/omma-health-center/vendor/laravel/framework/src/Illuminate/Foundation/Http/Middleware/TransformsRequest.php(21): Illuminate/Pipeline/Pipeline->{closure:{closure:Illuminate/Pipeline/Pipeline::carry():194}:195}(Object(Illuminate/Http/Request))
#39 C:/Users/Lenovo Loq/OneDrive/Desktop/xampp/htdocs/omma-health-center/vendor/laravel/framework/src/Illuminate/Foundation/Http/Middleware/TrimStrings.php(51): Illuminate/Foundation/Http/Middleware/TransformsRequest->handle(Object(Illuminate/Http/Request), Object(Closure))
#40 C:/Users/Lenovo Loq/OneDrive/Desktop/xampp/htdocs/omma-health-center/vendor/laravel/framework/src/Illuminate/Pipeline/Pipeline.php(219): Illuminate/Foundation/Http/Middleware/TrimStrings->handle(Object(Illuminate/Http/Request), Object(Closure))
#41 C:/Users/Lenovo Loq/OneDrive/Desktop/xampp/htdocs/omma-health-center/vendor/laravel/framework/src/Illuminate/Http/Middleware/ValidatePostSize.php(27): Illuminate/Pipeline/Pipeline->{closure:{closure:Illuminate/Pipeline/Pipeline::carry():194}:195}(Object(Illuminate/Http/Request))
#42 C:/Users/Lenovo Loq/OneDrive/Desktop/xampp/htdocs/omma-health-center/vendor/laravel/framework/src/Illuminate/Pipeline/Pipeline.php(219): Illuminate/Http/Middleware/ValidatePostSize->handle(Object(Illuminate/Http/Request), Object(Closure))
#43 C:/Users/Lenovo Loq/OneDrive/Desktop/xampp/htdocs/omma-health-center/vendor/laravel/framework/src/Illuminate/Foundation/Http/Middleware/PreventRequestsDuringMaintenance.php(109): Illuminate/Pipeline/Pipeline->{closure:{closure:Illuminate/Pipeline/Pipeline::carry():194}:195}(Object(Illuminate/Http/Request))
#44 C:/Users/Lenovo Loq/OneDrive/Desktop/xampp/htdocs/omma-health-center/vendor/laravel/framework/src/Illuminate/Pipeline/Pipeline.php(219): Illuminate/Foundation/Http/Middleware/PreventRequestsDuringMaintenance->handle(Object(Illuminate/Http/Request), Object(Closure))
#45 C:/Users/Lenovo Loq/OneDrive/Desktop/xampp/htdocs/omma-health-center/vendor/laravel/framework/src/Illuminate/Http/Middleware/HandleCors.php(61): Illuminate/Pipeline/Pipeline->{closure:{closure:Illuminate/Pipeline/Pipeline::carry():194}:195}(Object(Illuminate/Http/Request))
#46 C:/Users/Lenovo Loq/OneDrive/Desktop/xampp/htdocs/omma-health-center/vendor/laravel/framework/src/Illuminate/Pipeline/Pipeline.php(219): Illuminate/Http/Middleware/HandleCors->handle(Object(Illuminate/Http/Request), Object(Closure))
#47 C:/Users/Lenovo Loq/OneDrive/Desktop/xampp/htdocs/omma-health-center/vendor/laravel/framework/src/Illuminate/Http/Middleware/TrustProxies.php(58): Illuminate/Pipeline/Pipeline->{closure:{closure:Illuminate/Pipeline/Pipeline::carry():194}:195}(Object(Illuminate/Http/Request))
#48 C:/Users/Lenovo Loq/OneDrive/Desktop/xampp/htdocs/omma-health-center/vendor/laravel/framework/src/Illuminate/Pipeline/Pipeline.php(219): Illuminate/Http/Middleware/TrustProxies->handle(Object(Illuminate/Http/Request), Object(Closure))
#49 C:/Users/Lenovo Loq/OneDrive/Desktop/xampp/htdocs/omma-health-center/vendor/laravel/framework/src/Illuminate/Foundation/Http/Middleware/InvokeDeferredCallbacks.php(22): Illuminate/Pipeline/Pipeline->{closure:{closure:Illuminate/Pipeline/Pipeline::carry():194}:195}(Object(Illuminate/Http/Request))
#50 C:/Users/Lenovo Loq/OneDrive/Desktop/xampp/htdocs/omma-health-center/vendor/laravel/framework/src/Illuminate/Pipeline/Pipeline.php(219): Illuminate/Foundation/Http/Middleware/InvokeDeferredCallbacks->handle(Object(Illuminate/Http/Request), Object(Closure))
#51 C:/Users/Lenovo Loq/OneDrive/Desktop/xampp/htdocs/omma-health-center/vendor/laravel/framework/src/Illuminate/Http/Middleware/ValidatePathEncoding.php(28): Illuminate/Pipeline/Pipeline->{closure:{closure:Illuminate/Pipeline/Pipeline::carry():194}:195}(Object(Illuminate/Http/Request))
#52 C:/Users/Lenovo Loq/OneDrive/Desktop/xampp/htdocs/omma-health-center/vendor/laravel/framework/src/Illuminate/Pipeline/Pipeline.php(219): Illuminate/Http/Middleware/ValidatePathEncoding->handle(Object(Illuminate/Http/Request), Object(Closure))
#53 C:/Users/Lenovo Loq/OneDrive/Desktop/xampp/htdocs/omma-health-center/vendor/laravel/framework/src/Illuminate/Pipeline/Pipeline.php(137): Illuminate/Pipeline/Pipeline->{closure:{closure:Illuminate/Pipeline/Pipeline::carry():194}:195}(Object(Illuminate/Http/Request))
#54 C:/Users/Lenovo Loq/OneDrive/Desktop/xampp/htdocs/omma-health-center/vendor/laravel/framework/src/Illuminate/Foundation/Http/Kernel.php(175): Illuminate/Pipeline/Pipeline->then(Object(Closure))
#55 C:/Users/Lenovo Loq/OneDrive/Desktop/xampp/htdocs/omma-health-center/vendor/laravel/framework/src/Illuminate/Foundation/Http/Kernel.php(144): Illuminate/Foundation/Http/Kernel->sendRequestThroughRouter(Object(Illuminate/Http/Request))
#56 C:/Users/Lenovo Loq/OneDrive/Desktop/xampp/htdocs/omma-health-center/vendor/laravel/framework/src/Illuminate/Foundation/Application.php(1227): Illuminate/Foundation/Http/Kernel->handle(Object(Illuminate/Http/Request))
#57 C:/Users/Lenovo Loq/OneDrive/Desktop/xampp/htdocs/omma-health-center/public/index.php(20): Illuminate/Foundation/Application->handleRequest(Object(Illuminate/Http/Request))
#58 C:/Users/Lenovo Loq/OneDrive/Desktop/xampp/htdocs/omma-health-center/vendor/laravel/framework/src/Illuminate/Foundation/resources/server.php(23): require_once('C://Users//Lenovo...')
#59 {main}
"} 
[2026-08-08 18:00:06] local.ERROR: Call to a member function copy() on string (View: C:\Users\Lenovo Loq\OneDrive\Desktop\xampp\htdocs\omma-health-center\resources\views\booking-confirmation.blade.php) {"userId":2,"exception":"[object] (Illuminate\\View\\ViewException(code: 0): Call to a member function copy() on string (View: C:\\Users\\Lenovo Loq\\OneDrive\\Desktop\\xampp\\htdocs\\omma-health-center\\resources\\views\\booking-confirmation.blade.php) at C:/Users/Lenovo Loq/OneDrive/Desktop/xampp/htdocs/omma-health-center/storage/framework/views/0de2d1d2a6cc4943adebaf0a8e9817b0.php:28)
[stacktrace]
#0 C:/Users/Lenovo Loq/OneDrive/Desktop/xampp/htdocs/omma-health-center/vendor/laravel/framework/src/Illuminate/View/Engines/PhpEngine.php(59): Illuminate/View/Engines/CompilerEngine->handleViewException(Object(Error), 1)
#1 C:/Users/Lenovo Loq/OneDrive/Desktop/xampp/htdocs/omma-health-center/vendor/laravel/framework/src/Illuminate/View/Engines/CompilerEngine.php(76): Illuminate/View/Engines/PhpEngine->evaluatePath('C://Users//Lenovo...', Array)
#2 C:/Users/Lenovo Loq/OneDrive/Desktop/xampp/htdocs/omma-health-center/vendor/laravel/framework/src/Illuminate/View/View.php(208): Illuminate/View/Engines/CompilerEngine->get('C://Users//Lenovo...', Array)
#3 C:/Users/Lenovo Loq/OneDrive/Desktop/xampp/htdocs/omma-health-center/vendor/laravel/framework/src/Illuminate/View/View.php(191): Illuminate/View/View->getContents()
#4 C:/Users/Lenovo Loq/OneDrive/Desktop/xampp/htdocs/omma-health-center/vendor/laravel/framework/src/Illuminate/View/View.php(160): Illuminate/View/View->renderContents()
#5 C:/Users/Lenovo Loq/OneDrive/Desktop/xampp/htdocs/omma-health-center/vendor/laravel/framework/src/Illuminate/Http/Response.php(82): Illuminate/View/View->render()
#6 C:/Users/Lenovo Loq/OneDrive/Desktop/xampp/htdocs/omma-health-center/vendor/laravel/framework/src/Illuminate/Http/Response.php(40): Illuminate/Http/Response->setContent(Object(Illuminate/View/View))
#7 C:/Users/Lenovo Loq/OneDrive/Desktop/xampp/htdocs/omma-health-center/vendor/laravel/framework/src/Illuminate/Routing/Router.php(939): Illuminate/Http/Response->__construct(Object(Illuminate/View/View), 200, Array)
#8 C:/Users/Lenovo Loq/OneDrive/Desktop/xampp/htdocs/omma-health-center/vendor/laravel/framework/src/Illuminate/Routing/Router.php(906): Illuminate/Routing/Router::toResponse(Object(Illuminate/Http/Request), Object(Illuminate/View/View))
#9 C:/Users/Lenovo Loq/OneDrive/Desktop/xampp/htdocs/omma-health-center/vendor/laravel/framework/src/Illuminate/Routing/Router.php(821): Illuminate/Routing/Router->prepareResponse(Object(Illuminate/Http/Request), Object(Illuminate/View/View))
#10 C:/Users/Lenovo Loq/OneDrive/Desktop/xampp/htdocs/omma-health-center/vendor/laravel/framework/src/Illuminate/Pipeline/Pipeline.php(180): Illuminate/Routing/Router->{closure:Illuminate/Routing/Router::runRouteWithinStack():821}(Object(Illuminate/Http/Request))
#11 C:/Users/Lenovo Loq/OneDrive/Desktop/xampp/htdocs/omma-health-center/vendor/laravel/framework/src/Illuminate/Routing/Middleware/SubstituteBindings.php(52): Illuminate/Pipeline/Pipeline->{closure:Illuminate/Pipeline/Pipeline::prepareDestination():178}(Object(Illuminate/Http/Request))
#12 C:/Users/Lenovo Loq/OneDrive/Desktop/xampp/htdocs/omma-health-center/vendor/laravel/framework/src/Illuminate/Pipeline/Pipeline.php(219): Illuminate/Routing/Middleware/SubstituteBindings->handle(Object(Illuminate/Http/Request), Object(Closure))
#13 C:/Users/Lenovo Loq/OneDrive/Desktop/xampp/htdocs/omma-health-center/vendor/laravel/framework/src/Illuminate/Auth/Middleware/Authenticate.php(63): Illuminate/Pipeline/Pipeline->{closure:{closure:Illuminate/Pipeline/Pipeline::carry():194}:195}(Object(Illuminate/Http/Request))
#14 C:/Users/Lenovo Loq/OneDrive/Desktop/xampp/htdocs/omma-health-center/vendor/laravel/framework/src/Illuminate/Pipeline/Pipeline.php(219): Illuminate/Auth/Middleware/Authenticate->handle(Object(Illuminate/Http/Request), Object(Closure))
#15 C:/Users/Lenovo Loq/OneDrive/Desktop/xampp/htdocs/omma-health-center/vendor/laravel/framework/src/Illuminate/Foundation/Http/Middleware/PreventRequestForgery.php(104): Illuminate/Pipeline/Pipeline->{closure:{closure:Illuminate/Pipeline/Pipeline::carry():194}:195}(Object(Illuminate/Http/Request))
#16 C:/Users/Lenovo Loq/OneDrive/Desktop/xampp/htdocs/omma-health-center/vendor/laravel/framework/src/Illuminate/Pipeline/Pipeline.php(219): Illuminate/Foundation/Http/Middleware/PreventRequestForgery->handle(Object(Illuminate/Http/Request), Object(Closure))
#17 C:/Users/Lenovo Loq/OneDrive/Desktop/xampp/htdocs/omma-health-center/vendor/laravel/framework/src/Illuminate/View/Middleware/ShareErrorsFromSession.php(48): Illuminate/Pipeline/Pipeline->{closure:{closure:Illuminate/Pipeline/Pipeline::carry():194}:195}(Object(Illuminate/Http/Request))
#18 C:/Users/Lenovo Loq/OneDrive/Desktop/xampp/htdocs/omma-health-center/vendor/laravel/framework/src/Illuminate/Pipeline/Pipeline.php(219): Illuminate/View/Middleware/ShareErrorsFromSession->handle(Object(Illuminate/Http/Request), Object(Closure))
#19 C:/Users/Lenovo Loq/OneDrive/Desktop/xampp/htdocs/omma-health-center/vendor/laravel/framework/src/Illuminate/Session/Middleware/StartSession.php(120): Illuminate/Pipeline/Pipeline->{closure:{closure:Illuminate/Pipeline/Pipeline::carry():194}:195}(Object(Illuminate/Http/Request))
#20 C:/Users/Lenovo Loq/OneDrive/Desktop/xampp/htdocs/omma-health-center/vendor/laravel/framework/src/Illuminate/Session/Middleware/StartSession.php(63): Illuminate/Session/Middleware/StartSession->handleStatefulRequest(Object(Illuminate/Http/Request), Object(Illuminate/Session/Store), Object(Closure))
#21 C:/Users/Lenovo Loq/OneDrive/Desktop/xampp/htdocs/omma-health-center/vendor/laravel/framework/src/Illuminate/Pipeline/Pipeline.php(219): Illuminate/Session/Middleware/StartSession->handle(Object(Illuminate/Http/Request), Object(Closure))
#22 C:/Users/Lenovo Loq/OneDrive/Desktop/xampp/htdocs/omma-health-center/vendor/laravel/framework/src/Illuminate/Cookie/Middleware/AddQueuedCookiesToResponse.php(36): Illuminate/Pipeline/Pipeline->{closure:{closure:Illuminate/Pipeline/Pipeline::carry():194}:195}(Object(Illuminate/Http/Request))
#23 C:/Users/Lenovo Loq/OneDrive/Desktop/xampp/htdocs/omma-health-center/vendor/laravel/framework/src/Illuminate/Pipeline/Pipeline.php(219): Illuminate/Cookie/Middleware/AddQueuedCookiesToResponse->handle(Object(Illuminate/Http/Request), Object(Closure))
#24 C:/Users/Lenovo Loq/OneDrive/Desktop/xampp/htdocs/omma-health-center/vendor/laravel/framework/src/Illuminate/Cookie/Middleware/EncryptCookies.php(74): Illuminate/Pipeline/Pipeline->{closure:{closure:Illuminate/Pipeline/Pipeline::carry():194}:195}(Object(Illuminate/Http/Request))
#25 C:/Users/Lenovo Loq/OneDrive/Desktop/xampp/htdocs/omma-health-center/vendor/laravel/framework/src/Illuminate/Pipeline/Pipeline.php(219): Illuminate/Cookie/Middleware/EncryptCookies->handle(Object(Illuminate/Http/Request), Object(Closure))
#26 C:/Users/Lenovo Loq/OneDrive/Desktop/xampp/htdocs/omma-health-center/vendor/laravel/framework/src/Illuminate/Pipeline/Pipeline.php(137): Illuminate/Pipeline/Pipeline->{closure:{closure:Illuminate/Pipeline/Pipeline::carry():194}:195}(Object(Illuminate/Http/Request))
#27 C:/Users/Lenovo Loq/OneDrive/Desktop/xampp/htdocs/omma-health-center/vendor/laravel/framework/src/Illuminate/Routing/Router.php(821): Illuminate/Pipeline/Pipeline->then(Object(Closure))
#28 C:/Users/Lenovo Loq/OneDrive/Desktop/xampp/htdocs/omma-health-center/vendor/laravel/framework/src/Illuminate/Routing/Router.php(800): Illuminate/Routing/Router->runRouteWithinStack(Object(Illuminate/Routing/Route), Object(Illuminate/Http/Request))
#29 C:/Users/Lenovo Loq/OneDrive/Desktop/xampp/htdocs/omma-health-center/vendor/laravel/framework/src/Illuminate/Routing/Router.php(764): Illuminate/Routing/Router->runRoute(Object(Illuminate/Http/Request), Object(Illuminate/Routing/Route))
#30 C:/Users/Lenovo Loq/OneDrive/Desktop/xampp/htdocs/omma-health-center/vendor/laravel/framework/src/Illuminate/Routing/Router.php(753): Illuminate/Routing/Router->dispatchToRoute(Object(Illuminate/Http/Request))
#31 C:/Users/Lenovo Loq/OneDrive/Desktop/xampp/htdocs/omma-health-center/vendor/laravel/framework/src/Illuminate/Foundation/Http/Kernel.php(200): Illuminate/Routing/Router->dispatch(Object(Illuminate/Http/Request))
#32 C:/Users/Lenovo Loq/OneDrive/Desktop/xampp/htdocs/omma-health-center/vendor/laravel/framework/src/Illuminate/Pipeline/Pipeline.php(180): Illuminate/Foundation/Http/Kernel->{closure:Illuminate/Foundation/Http/Kernel::dispatchToRouter():197}(Object(Illuminate/Http/Request))
#33 C:/Users/Lenovo Loq/OneDrive/Desktop/xampp/htdocs/omma-health-center/vendor/laravel/framework/src/Illuminate/Foundation/Http/Middleware/TransformsRequest.php(21): Illuminate/Pipeline/Pipeline->{closure:Illuminate/Pipeline/Pipeline::prepareDestination():178}(Object(Illuminate/Http/Request))
#34 C:/Users/Lenovo Loq/OneDrive/Desktop/xampp/htdocs/omma-health-center/vendor/laravel/framework/src/Illuminate/Foundation/Http/Middleware/ConvertEmptyStringsToNull.php(31): Illuminate/Foundation/Http/Middleware/TransformsRequest->handle(Object(Illuminate/Http/Request), Object(Closure))
#35 C:/Users/Lenovo Loq/OneDrive/Desktop/xampp/htdocs/omma-health-center/vendor/laravel/framework/src/Illuminate/Pipeline/Pipeline.php(219): Illuminate/Foundation/Http/Middleware/ConvertEmptyStringsToNull->handle(Object(Illuminate/Http/Request), Object(Closure))
#36 C:/Users/Lenovo Loq/OneDrive/Desktop/xampp/htdocs/omma-health-center/vendor/laravel/framework/src/Illuminate/Foundation/Http/Middleware/TransformsRequest.php(21): Illuminate/Pipeline/Pipeline->{closure:{closure:Illuminate/Pipeline/Pipeline::carry():194}:195}(Object(Illuminate/Http/Request))
#37 C:/Users/Lenovo Loq/OneDrive/Desktop/xampp/htdocs/omma-health-center/vendor/laravel/framework/src/Illuminate/Foundation/Http/Middleware/TrimStrings.php(51): Illuminate/Foundation/Http/Middleware/TransformsRequest->handle(Object(Illuminate/Http/Request), Object(Closure))
#38 C:/Users/Lenovo Loq/OneDrive/Desktop/xampp/htdocs/omma-health-center/vendor/laravel/framework/src/Illuminate/Pipeline/Pipeline.php(219): Illuminate/Foundation/Http/Middleware/TrimStrings->handle(Object(Illuminate/Http/Request), Object(Closure))
#39 C:/Users/Lenovo Loq/OneDrive/Desktop/xampp/htdocs/omma-health-center/vendor/laravel/framework/src/Illuminate/Http/Middleware/ValidatePostSize.php(27): Illuminate/Pipeline/Pipeline->{closure:{closure:Illuminate/Pipeline/Pipeline::carry():194}:195}(Object(Illuminate/Http/Request))
#40 C:/Users/Lenovo Loq/OneDrive/Desktop/xampp/htdocs/omma-health-center/vendor/laravel/framework/src/Illuminate/Pipeline/Pipeline.php(219): Illuminate/Http/Middleware/ValidatePostSize->handle(Object(Illuminate/Http/Request), Object(Closure))
#41 C:/Users/Lenovo Loq/OneDrive/Desktop/xampp/htdocs/omma-health-center/vendor/laravel/framework/src/Illuminate/Foundation/Http/Middleware/PreventRequestsDuringMaintenance.php(109): Illuminate/Pipeline/Pipeline->{closure:{closure:Illuminate/Pipeline/Pipeline::carry():194}:195}(Object(Illuminate/Http/Request))
#42 C:/Users/Lenovo Loq/OneDrive/Desktop/xampp/htdocs/omma-health-center/vendor/laravel/framework/src/Illuminate/Pipeline/Pipeline.php(219): Illuminate/Foundation/Http/Middleware/PreventRequestsDuringMaintenance->handle(Object(Illuminate/Http/Request), Object(Closure))
#43 C:/Users/Lenovo Loq/OneDrive/Desktop/xampp/htdocs/omma-health-center/vendor/laravel/framework/src/Illuminate/Http/Middleware/HandleCors.php(61): Illuminate/Pipeline/Pipeline->{closure:{closure:Illuminate/Pipeline/Pipeline::carry():194}:195}(Object(Illuminate/Http/Request))
#44 C:/Users/Lenovo Loq/OneDrive/Desktop/xampp/htdocs/omma-health-center/vendor/laravel/framework/src/Illuminate/Pipeline/Pipeline.php(219): Illuminate/Http/Middleware/HandleCors->handle(Object(Illuminate/Http/Request), Object(Closure))
#45 C:/Users/Lenovo Loq/OneDrive/Desktop/xampp/htdocs/omma-health-center/vendor/laravel/framework/src/Illuminate/Http/Middleware/TrustProxies.php(58): Illuminate/Pipeline/Pipeline->{closure:{closure:Illuminate/Pipeline/Pipeline::carry():194}:195}(Object(Illuminate/Http/Request))
#46 C:/Users/Lenovo Loq/OneDrive/Desktop/xampp/htdocs/omma-health-center/vendor/laravel/framework/src/Illuminate/Pipeline/Pipeline.php(219): Illuminate/Http/Middleware/TrustProxies->handle(Object(Illuminate/Http/Request), Object(Closure))
#47 C:/Users/Lenovo Loq/OneDrive/Desktop/xampp/htdocs/omma-health-center/vendor/laravel/framework/src/Illuminate/Foundation/Http/Middleware/InvokeDeferredCallbacks.php(22): Illuminate/Pipeline/Pipeline->{closure:{closure:Illuminate/Pipeline/Pipeline::carry():194}:195}(Object(Illuminate/Http/Request))
#48 C:/Users/Lenovo Loq/OneDrive/Desktop/xampp/htdocs/omma-health-center/vendor/laravel/framework/src/Illuminate/Pipeline/Pipeline.php(219): Illuminate/Foundation/Http/Middleware/InvokeDeferredCallbacks->handle(Object(Illuminate/Http/Request), Object(Closure))
#49 C:/Users/Lenovo Loq/OneDrive/Desktop/xampp/htdocs/omma-health-center/vendor/laravel/framework/src/Illuminate/Http/Middleware/ValidatePathEncoding.php(28): Illuminate/Pipeline/Pipeline->{closure:{closure:Illuminate/Pipeline/Pipeline::carry():194}:195}(Object(Illuminate/Http/Request))
#50 C:/Users/Lenovo Loq/OneDrive/Desktop/xampp/htdocs/omma-health-center/vendor/laravel/framework/src/Illuminate/Pipeline/Pipeline.php(219): Illuminate/Http/Middleware/ValidatePathEncoding->handle(Object(Illuminate/Http/Request), Object(Closure))
#51 C:/Users/Lenovo Loq/OneDrive/Desktop/xampp/htdocs/omma-health-center/vendor/laravel/framework/src/Illuminate/Pipeline/Pipeline.php(137): Illuminate/Pipeline/Pipeline->{closure:{closure:Illuminate/Pipeline/Pipeline::carry():194}:195}(Object(Illuminate/Http/Request))
#52 C:/Users/Lenovo Loq/OneDrive/Desktop/xampp/htdocs/omma-health-center/vendor/laravel/framework/src/Illuminate/Foundation/Http/Kernel.php(175): Illuminate/Pipeline/Pipeline->then(Object(Closure))
#53 C:/Users/Lenovo Loq/OneDrive/Desktop/xampp/htdocs/omma-health-center/vendor/laravel/framework/src/Illuminate/Foundation/Http/Kernel.php(144): Illuminate/Foundation/Http/Kernel->sendRequestThroughRouter(Object(Illuminate/Http/Request))
#54 C:/Users/Lenovo Loq/OneDrive/Desktop/xampp/htdocs/omma-health-center/vendor/laravel/framework/src/Illuminate/Foundation/Application.php(1227): Illuminate/Foundation/Http/Kernel->handle(Object(Illuminate/Http/Request))
#55 C:/Users/Lenovo Loq/OneDrive/Desktop/xampp/htdocs/omma-health-center/public/index.php(20): Illuminate/Foundation/Application->handleRequest(Object(Illuminate/Http/Request))
#56 C:/Users/Lenovo Loq/OneDrive/Desktop/xampp/htdocs/omma-health-center/vendor/laravel/framework/src/Illuminate/Foundation/resources/server.php(23): require_once('C://Users//Lenovo...')
#57 {main}

[previous exception] [object] (Error(code: 0): Call to a member function copy() on string at C:/Users/Lenovo Loq/OneDrive/Desktop/xampp/htdocs/omma-health-center/storage/framework/views/0de2d1d2a6cc4943adebaf0a8e9817b0.php:28)
[stacktrace]
#0 C:/Users/Lenovo Loq/OneDrive/Desktop/xampp/htdocs/omma-health-center/vendor/laravel/framework/src/Illuminate/Filesystem/Filesystem.php(123): require()
#1 C:/Users/Lenovo Loq/OneDrive/Desktop/xampp/htdocs/omma-health-center/vendor/laravel/framework/src/Illuminate/Filesystem/Filesystem.php(124): Illuminate/Filesystem/Filesystem::{closure:Illuminate/Filesystem/Filesystem::getRequire():120}()
#2 C:/Users/Lenovo Loq/OneDrive/Desktop/xampp/htdocs/omma-health-center/vendor/laravel/framework/src/Illuminate/View/Engines/PhpEngine.php(57): Illuminate/Filesystem/Filesystem->getRequire('C://Users//Lenovo...', Array)
#3 C:/Users/Lenovo Loq/OneDrive/Desktop/xampp/htdocs/omma-health-center/vendor/laravel/framework/src/Illuminate/View/Engines/CompilerEngine.php(76): Illuminate/View/Engines/PhpEngine->evaluatePath('C://Users//Lenovo...', Array)
#4 C:/Users/Lenovo Loq/OneDrive/Desktop/xampp/htdocs/omma-health-center/vendor/laravel/framework/src/Illuminate/View/View.php(208): Illuminate/View/Engines/CompilerEngine->get('C://Users//Lenovo...', Array)
#5 C:/Users/Lenovo Loq/OneDrive/Desktop/xampp/htdocs/omma-health-center/vendor/laravel/framework/src/Illuminate/View/View.php(191): Illuminate/View/View->getContents()
#6 C:/Users/Lenovo Loq/OneDrive/Desktop/xampp/htdocs/omma-health-center/vendor/laravel/framework/src/Illuminate/View/View.php(160): Illuminate/View/View->renderContents()
#7 C:/Users/Lenovo Loq/OneDrive/Desktop/xampp/htdocs/omma-health-center/vendor/laravel/framework/src/Illuminate/Http/Response.php(82): Illuminate/View/View->render()
#8 C:/Users/Lenovo Loq/OneDrive/Desktop/xampp/htdocs/omma-health-center/vendor/laravel/framework/src/Illuminate/Http/Response.php(40): Illuminate/Http/Response->setContent(Object(Illuminate/View/View))
#9 C:/Users/Lenovo Loq/OneDrive/Desktop/xampp/htdocs/omma-health-center/vendor/laravel/framework/src/Illuminate/Routing/Router.php(939): Illuminate/Http/Response->__construct(Object(Illuminate/View/View), 200, Array)
#10 C:/Users/Lenovo Loq/OneDrive/Desktop/xampp/htdocs/omma-health-center/vendor/laravel/framework/src/Illuminate/Routing/Router.php(906): Illuminate/Routing/Router::toResponse(Object(Illuminate/Http/Request), Object(Illuminate/View/View))
#11 C:/Users/Lenovo Loq/OneDrive/Desktop/xampp/htdocs/omma-health-center/vendor/laravel/framework/src/Illuminate/Routing/Router.php(821): Illuminate/Routing/Router->prepareResponse(Object(Illuminate/Http/Request), Object(Illuminate/View/View))
#12 C:/Users/Lenovo Loq/OneDrive/Desktop/xampp/htdocs/omma-health-center/vendor/laravel/framework/src/Illuminate/Pipeline/Pipeline.php(180): Illuminate/Routing/Router->{closure:Illuminate/Routing/Router::runRouteWithinStack():821}(Object(Illuminate/Http/Request))
#13 C:/Users/Lenovo Loq/OneDrive/Desktop/xampp/htdocs/omma-health-center/vendor/laravel/framework/src/Illuminate/Routing/Middleware/SubstituteBindings.php(52): Illuminate/Pipeline/Pipeline->{closure:Illuminate/Pipeline/Pipeline::prepareDestination():178}(Object(Illuminate/Http/Request))
#14 C:/Users/Lenovo Loq/OneDrive/Desktop/xampp/htdocs/omma-health-center/vendor/laravel/framework/src/Illuminate/Pipeline/Pipeline.php(219): Illuminate/Routing/Middleware/SubstituteBindings->handle(Object(Illuminate/Http/Request), Object(Closure))
#15 C:/Users/Lenovo Loq/OneDrive/Desktop/xampp/htdocs/omma-health-center/vendor/laravel/framework/src/Illuminate/Auth/Middleware/Authenticate.php(63): Illuminate/Pipeline/Pipeline->{closure:{closure:Illuminate/Pipeline/Pipeline::carry():194}:195}(Object(Illuminate/Http/Request))
#16 C:/Users/Lenovo Loq/OneDrive/Desktop/xampp/htdocs/omma-health-center/vendor/laravel/framework/src/Illuminate/Pipeline/Pipeline.php(219): Illuminate/Auth/Middleware/Authenticate->handle(Object(Illuminate/Http/Request), Object(Closure))
#17 C:/Users/Lenovo Loq/OneDrive/Desktop/xampp/htdocs/omma-health-center/vendor/laravel/framework/src/Illuminate/Foundation/Http/Middleware/PreventRequestForgery.php(104): Illuminate/Pipeline/Pipeline->{closure:{closure:Illuminate/Pipeline/Pipeline::carry():194}:195}(Object(Illuminate/Http/Request))
#18 C:/Users/Lenovo Loq/OneDrive/Desktop/xampp/htdocs/omma-health-center/vendor/laravel/framework/src/Illuminate/Pipeline/Pipeline.php(219): Illuminate/Foundation/Http/Middleware/PreventRequestForgery->handle(Object(Illuminate/Http/Request), Object(Closure))
#19 C:/Users/Lenovo Loq/OneDrive/Desktop/xampp/htdocs/omma-health-center/vendor/laravel/framework/src/Illuminate/View/Middleware/ShareErrorsFromSession.php(48): Illuminate/Pipeline/Pipeline->{closure:{closure:Illuminate/Pipeline/Pipeline::carry():194}:195}(Object(Illuminate/Http/Request))
#20 C:/Users/Lenovo Loq/OneDrive/Desktop/xampp/htdocs/omma-health-center/vendor/laravel/framework/src/Illuminate/Pipeline/Pipeline.php(219): Illuminate/View/Middleware/ShareErrorsFromSession->handle(Object(Illuminate/Http/Request), Object(Closure))
#21 C:/Users/Lenovo Loq/OneDrive/Desktop/xampp/htdocs/omma-health-center/vendor/laravel/framework/src/Illuminate/Session/Middleware/StartSession.php(120): Illuminate/Pipeline/Pipeline->{closure:{closure:Illuminate/Pipeline/Pipeline::carry():194}:195}(Object(Illuminate/Http/Request))
#22 C:/Users/Lenovo Loq/OneDrive/Desktop/xampp/htdocs/omma-health-center/vendor/laravel/framework/src/Illuminate/Session/Middleware/StartSession.php(63): Illuminate/Session/Middleware/StartSession->handleStatefulRequest(Object(Illuminate/Http/Request), Object(Illuminate/Session/Store), Object(Closure))
#23 C:/Users/Lenovo Loq/OneDrive/Desktop/xampp/htdocs/omma-health-center/vendor/laravel/framework/src/Illuminate/Pipeline/Pipeline.php(219): Illuminate/Session/Middleware/StartSession->handle(Object(Illuminate/Http/Request), Object(Closure))
#24 C:/Users/Lenovo Loq/OneDrive/Desktop/xampp/htdocs/omma-health-center/vendor/laravel/framework/src/Illuminate/Cookie/Middleware/AddQueuedCookiesToResponse.php(36): Illuminate/Pipeline/Pipeline->{closure:{closure:Illuminate/Pipeline/Pipeline::carry():194}:195}(Object(Illuminate/Http/Request))
#25 C:/Users/Lenovo Loq/OneDrive/Desktop/xampp/htdocs/omma-health-center/vendor/laravel/framework/src/Illuminate/Pipeline/Pipeline.php(219): Illuminate/Cookie/Middleware/AddQueuedCookiesToResponse->handle(Object(Illuminate/Http/Request), Object(Closure))
#26 C:/Users/Lenovo Loq/OneDrive/Desktop/xampp/htdocs/omma-health-center/vendor/laravel/framework/src/Illuminate/Cookie/Middleware/EncryptCookies.php(74): Illuminate/Pipeline/Pipeline->{closure:{closure:Illuminate/Pipeline/Pipeline::carry():194}:195}(Object(Illuminate/Http/Request))
#27 C:/Users/Lenovo Loq/OneDrive/Desktop/xampp/htdocs/omma-health-center/vendor/laravel/framework/src/Illuminate/Pipeline/Pipeline.php(219): Illuminate/Cookie/Middleware/EncryptCookies->handle(Object(Illuminate/Http/Request), Object(Closure))
#28 C:/Users/Lenovo Loq/OneDrive/Desktop/xampp/htdocs/omma-health-center/vendor/laravel/framework/src/Illuminate/Pipeline/Pipeline.php(137): Illuminate/Pipeline/Pipeline->{closure:{closure:Illuminate/Pipeline/Pipeline::carry():194}:195}(Object(Illuminate/Http/Request))
#29 C:/Users/Lenovo Loq/OneDrive/Desktop/xampp/htdocs/omma-health-center/vendor/laravel/framework/src/Illuminate/Routing/Router.php(821): Illuminate/Pipeline/Pipeline->then(Object(Closure))
#30 C:/Users/Lenovo Loq/OneDrive/Desktop/xampp/htdocs/omma-health-center/vendor/laravel/framework/src/Illuminate/Routing/Router.php(800): Illuminate/Routing/Router->runRouteWithinStack(Object(Illuminate/Routing/Route), Object(Illuminate/Http/Request))
#31 C:/Users/Lenovo Loq/OneDrive/Desktop/xampp/htdocs/omma-health-center/vendor/laravel/framework/src/Illuminate/Routing/Router.php(764): Illuminate/Routing/Router->runRoute(Object(Illuminate/Http/Request), Object(Illuminate/Routing/Route))
#32 C:/Users/Lenovo Loq/OneDrive/Desktop/xampp/htdocs/omma-health-center/vendor/laravel/framework/src/Illuminate/Routing/Router.php(753): Illuminate/Routing/Router->dispatchToRoute(Object(Illuminate/Http/Request))
#33 C:/Users/Lenovo Loq/OneDrive/Desktop/xampp/htdocs/omma-health-center/vendor/laravel/framework/src/Illuminate/Foundation/Http/Kernel.php(200): Illuminate/Routing/Router->dispatch(Object(Illuminate/Http/Request))
#34 C:/Users/Lenovo Loq/OneDrive/Desktop/xampp/htdocs/omma-health-center/vendor/laravel/framework/src/Illuminate/Pipeline/Pipeline.php(180): Illuminate/Foundation/Http/Kernel->{closure:Illuminate/Foundation/Http/Kernel::dispatchToRouter():197}(Object(Illuminate/Http/Request))
#35 C:/Users/Lenovo Loq/OneDrive/Desktop/xampp/htdocs/omma-health-center/vendor/laravel/framework/src/Illuminate/Foundation/Http/Middleware/TransformsRequest.php(21): Illuminate/Pipeline/Pipeline->{closure:Illuminate/Pipeline/Pipeline::prepareDestination():178}(Object(Illuminate/Http/Request))
#36 C:/Users/Lenovo Loq/OneDrive/Desktop/xampp/htdocs/omma-health-center/vendor/laravel/framework/src/Illuminate/Foundation/Http/Middleware/ConvertEmptyStringsToNull.php(31): Illuminate/Foundation/Http/Middleware/TransformsRequest->handle(Object(Illuminate/Http/Request), Object(Closure))
#37 C:/Users/Lenovo Loq/OneDrive/Desktop/xampp/htdocs/omma-health-center/vendor/laravel/framework/src/Illuminate/Pipeline/Pipeline.php(219): Illuminate/Foundation/Http/Middleware/ConvertEmptyStringsToNull->handle(Object(Illuminate/Http/Request), Object(Closure))
#38 C:/Users/Lenovo Loq/OneDrive/Desktop/xampp/htdocs/omma-health-center/vendor/laravel/framework/src/Illuminate/Foundation/Http/Middleware/TransformsRequest.php(21): Illuminate/Pipeline/Pipeline->{closure:{closure:Illuminate/Pipeline/Pipeline::carry():194}:195}(Object(Illuminate/Http/Request))
#39 C:/Users/Lenovo Loq/OneDrive/Desktop/xampp/htdocs/omma-health-center/vendor/laravel/framework/src/Illuminate/Foundation/Http/Middleware/TrimStrings.php(51): Illuminate/Foundation/Http/Middleware/TransformsRequest->handle(Object(Illuminate/Http/Request), Object(Closure))
#40 C:/Users/Lenovo Loq/OneDrive/Desktop/xampp/htdocs/omma-health-center/vendor/laravel/framework/src/Illuminate/Pipeline/Pipeline.php(219): Illuminate/Foundation/Http/Middleware/TrimStrings->handle(Object(Illuminate/Http/Request), Object(Closure))
#41 C:/Users/Lenovo Loq/OneDrive/Desktop/xampp/htdocs/omma-health-center/vendor/laravel/framework/src/Illuminate/Http/Middleware/ValidatePostSize.php(27): Illuminate/Pipeline/Pipeline->{closure:{closure:Illuminate/Pipeline/Pipeline::carry():194}:195}(Object(Illuminate/Http/Request))
#42 C:/Users/Lenovo Loq/OneDrive/Desktop/xampp/htdocs/omma-health-center/vendor/laravel/framework/src/Illuminate/Pipeline/Pipeline.php(219): Illuminate/Http/Middleware/ValidatePostSize->handle(Object(Illuminate/Http/Request), Object(Closure))
#43 C:/Users/Lenovo Loq/OneDrive/Desktop/xampp/htdocs/omma-health-center/vendor/laravel/framework/src/Illuminate/Foundation/Http/Middleware/PreventRequestsDuringMaintenance.php(109): Illuminate/Pipeline/Pipeline->{closure:{closure:Illuminate/Pipeline/Pipeline::carry():194}:195}(Object(Illuminate/Http/Request))
#44 C:/Users/Lenovo Loq/OneDrive/Desktop/xampp/htdocs/omma-health-center/vendor/laravel/framework/src/Illuminate/Pipeline/Pipeline.php(219): Illuminate/Foundation/Http/Middleware/PreventRequestsDuringMaintenance->handle(Object(Illuminate/Http/Request), Object(Closure))
#45 C:/Users/Lenovo Loq/OneDrive/Desktop/xampp/htdocs/omma-health-center/vendor/laravel/framework/src/Illuminate/Http/Middleware/HandleCors.php(61): Illuminate/Pipeline/Pipeline->{closure:{closure:Illuminate/Pipeline/Pipeline::carry():194}:195}(Object(Illuminate/Http/Request))
#46 C:/Users/Lenovo Loq/OneDrive/Desktop/xampp/htdocs/omma-health-center/vendor/laravel/framework/src/Illuminate/Pipeline/Pipeline.php(219): Illuminate/Http/Middleware/HandleCors->handle(Object(Illuminate/Http/Request), Object(Closure))
#47 C:/Users/Lenovo Loq/OneDrive/Desktop/xampp/htdocs/omma-health-center/vendor/laravel/framework/src/Illuminate/Http/Middleware/TrustProxies.php(58): Illuminate/Pipeline/Pipeline->{closure:{closure:Illuminate/Pipeline/Pipeline::carry():194}:195}(Object(Illuminate/Http/Request))
#48 C:/Users/Lenovo Loq/OneDrive/Desktop/xampp/htdocs/omma-health-center/vendor/laravel/framework/src/Illuminate/Pipeline/Pipeline.php(219): Illuminate/Http/Middleware/TrustProxies->handle(Object(Illuminate/Http/Request), Object(Closure))
#49 C:/Users/Lenovo Loq/OneDrive/Desktop/xampp/htdocs/omma-health-center/vendor/laravel/framework/src/Illuminate/Foundation/Http/Middleware/InvokeDeferredCallbacks.php(22): Illuminate/Pipeline/Pipeline->{closure:{closure:Illuminate/Pipeline/Pipeline::carry():194}:195}(Object(Illuminate/Http/Request))
#50 C:/Users/Lenovo Loq/OneDrive/Desktop/xampp/htdocs/omma-health-center/vendor/laravel/framework/src/Illuminate/Pipeline/Pipeline.php(219): Illuminate/Foundation/Http/Middleware/InvokeDeferredCallbacks->handle(Object(Illuminate/Http/Request), Object(Closure))
#51 C:/Users/Lenovo Loq/OneDrive/Desktop/xampp/htdocs/omma-health-center/vendor/laravel/framework/src/Illuminate/Http/Middleware/ValidatePathEncoding.php(28): Illuminate/Pipeline/Pipeline->{closure:{closure:Illuminate/Pipeline/Pipeline::carry():194}:195}(Object(Illuminate/Http/Request))
#52 C:/Users/Lenovo Loq/OneDrive/Desktop/xampp/htdocs/omma-health-center/vendor/laravel/framework/src/Illuminate/Pipeline/Pipeline.php(219): Illuminate/Http/Middleware/ValidatePathEncoding->handle(Object(Illuminate/Http/Request), Object(Closure))
#53 C:/Users/Lenovo Loq/OneDrive/Desktop/xampp/htdocs/omma-health-center/vendor/laravel/framework/src/Illuminate/Pipeline/Pipeline.php(137): Illuminate/Pipeline/Pipeline->{closure:{closure:Illuminate/Pipeline/Pipeline::carry():194}:195}(Object(Illuminate/Http/Request))
#54 C:/Users/Lenovo Loq/OneDrive/Desktop/xampp/htdocs/omma-health-center/vendor/laravel/framework/src/Illuminate/Foundation/Http/Kernel.php(175): Illuminate/Pipeline/Pipeline->then(Object(Closure))
#55 C:/Users/Lenovo Loq/OneDrive/Desktop/xampp/htdocs/omma-health-center/vendor/laravel/framework/src/Illuminate/Foundation/Http/Kernel.php(144): Illuminate/Foundation/Http/Kernel->sendRequestThroughRouter(Object(Illuminate/Http/Request))
#56 C:/Users/Lenovo Loq/OneDrive/Desktop/xampp/htdocs/omma-health-center/vendor/laravel/framework/src/Illuminate/Foundation/Application.php(1227): Illuminate/Foundation/Http/Kernel->handle(Object(Illuminate/Http/Request))
#57 C:/Users/Lenovo Loq/OneDrive/Desktop/xampp/htdocs/omma-health-center/public/index.php(20): Illuminate/Foundation/Application->handleRequest(Object(Illuminate/Http/Request))
#58 C:/Users/Lenovo Loq/OneDrive/Desktop/xampp/htdocs/omma-health-center/vendor/laravel/framework/src/Illuminate/Foundation/resources/server.php(23): require_once('C://Users//Lenovo...')
#59 {main}
"} 
